id,author,authorStats,createTime,desc,isAd,stats,statsV2,collectCount,commentCount,diggCount,playCount,shareCount,followerCount,friendCount,heart,heartCount,videoCount,uniqueId,nickname,authorId
6993401583690206470,"{'avatarLarger': 'https://p16-sign-va.tiktokcdn.com/tos-maliva-avt-0068/f499b49674935d411926235b85aff94b~c5_1080x1080.jpeg?lk3s=a5d48078&nonce=89535&refresh_token=b08cee50e0bb54f50076214209b4f23a&x-expires=1716663600&x-signature=U2J6av5kDJqL1w03P9ra8ms%2B1%2BU%3D&shp=a5d48078&shcp=b59d6b55', 'avatarMedium': 'https://p16-sign-va.tiktokcdn.com/tos-maliva-avt-0068/f499b49674935d411926235b85aff94b~c5_720x720.jpeg?lk3s=a5d48078&nonce=75085&refresh_token=93ace338b9f7be8d2053946cbb252b2a&x-expires=1716663600&x-signature=i8XKiW1B5ccIFKP%2BpZKVaaQ2GdY%3D&shp=a5d48078&shcp=b59d6b55', 'avatarThumb': 'https://p16-sign-va.tiktokcdn.com/tos-maliva-avt-0068/f499b49674935d411926235b85aff94b~c5_100x100.jpeg?lk3s=a5d48078&nonce=52713&refresh_token=fb03edf2e66fa011c838df454a5af968&x-expires=1716663600&x-signature=ljhIbdgqTXP97YxGeVHevQfi4i0%3D&shp=a5d48078&shcp=b59d6b55', 'commentSetting': 0, 'downloadSetting': 0, 'duetSetting': 0, 'ftc': False, 'id': '6871387835858011142', 'isADVirtual': False, 'isEmbedBanned': False, 'nickname': 'Peggy White', 'openFavorite': False, 'privateAccount': False, 'relation': 0, 'secUid': 'MS4wLjABAAAA_mVuzmscI5U8WouLbgP5Mv00-YF1HKJLYwgo5hyOTbcbGOoFDzMKSJ6ysrOsxK_3', 'secret': False, 'signature': '‚ù§Ô∏è small biz owner \n‚úèÔ∏è illustration artist\nüí∞venmo: @peggywhite1986', 'stitchSetting': 0, 'ttSeller': False, 'uniqueId': 'chateaublanche', 'verified': False}","{'diggCount': 1538, 'followerCount': 293900, 'followingCount': 258, 'friendCount': 0, 'heart': 14600000, 'heartCount': 14600000, 'videoCount': 102}",1628278193,#waitforit #foryoupage #richcatcheck #fivebelow #catsoftiktok #amazonfinds #diyproject #catroom #fyp #foryou #tiktokmademe #amazonfinds #cute,False,"{'collectCount': 490200, 'commentCount': 94500, 'diggCount': 13400000, 'playCount': 83000000, 'shareCount': 411900}","{'collectCount': '490182', 'commentCount': '94525', 'diggCount': '13354470', 'playCount': '82978528', 'repostCount': '0', 'shareCount': '411943'}",490200.0,94500.0,1538.0,83000000.0,411900.0,293900.0,0.0,14600000.0,14600000.0,102.0,chateaublanche,Peggy White,6871387835858011142
7231254478421282074,"{'avatarLarger': 'https://p16-sign-va.tiktokcdn.com/tos-maliva-avt-0068/8052e7d17c48a8cc9a3a65bef0086ac0~c5_1080x1080.jpeg?lk3s=a5d48078&nonce=8881&refresh_token=cef10ad5973e920c37df227672eb3bc3&x-expires=1716663600&x-signature=GlF6w1tBRBJFtYy%2BGEtm%2FO6qtUE%3D&shp=a5d48078&shcp=b59d6b55', 'avatarMedium': 'https://p77-sign-va-lite.tiktokcdn.com/tos-maliva-avt-0068/8052e7d17c48a8cc9a3a65bef0086ac0~c5_720x720.jpeg?lk3s=a5d48078&nonce=91060&refresh_token=0d7cb80d1c863b058d9621c53a3ec9c3&x-expires=1716663600&x-signature=vGhU2zr7X7l2elqggidqW0I%2Bbsg%3D&shp=a5d48078&shcp=b59d6b55', 'avatarThumb': 'https://p77-sign-va-lite.tiktokcdn.com/tos-maliva-avt-0068/8052e7d17c48a8cc9a3a65bef0086ac0~c5_100x100.jpeg?lk3s=a5d48078&nonce=29226&refresh_token=1dae726be039023ac19971ed0d1d0845&x-expires=1716663600&x-signature=bmPrJXA8wy67qlaOC1xn4al1B2w%3D&shp=a5d48078&shcp=b59d6b55', 'commentSetting': 0, 'downloadSetting': 0, 'duetSetting': 0, 'ftc': False, 'id': '7191169639077512197', 'isADVirtual': False, 'isEmbedBanned': False, 'nickname': 'Tobes Finds', 'openFavorite': False, 'privateAccount': False, 'relation': 0, 'secUid': 'MS4wLjABAAAAehAwamGTWRYAOeoXQqblMNHw7YihzZ2KHDcf5MoRhQZ03WA3a29h6CX0eLf_K5ib', 'secret': False, 'signature': 'üåê Online Finds üåê\nüìßtobesinquiries@gmail.comüìß\nüëá All Products Linked Below üëá', 'stitchSetting': 0, 'ttSeller': False, 'uniqueId': 'tobesfinds', 'verified': False}","{'diggCount': 6958, 'followerCount': 1300000, 'followingCount': 0, 'friendCount': 0, 'heart': 22500000, 'heartCount': 22500000, 'videoCount': 40}",1683657643,That last one though‚Ä¶ üëÄ #amazonfinds #tiktokmademebuyit #amazonmusthaves #amazon #coolproducts #printer #gadgets #giftideas #homehacks #lifehacks #home #car ,False,"{'collectCount': 2600000, 'commentCount': 44700, 'diggCount': 12900000, 'playCount': 134800000, 'shareCount': 704900}","{'collectCount': '2597980', 'commentCount': '44685', 'diggCount': '12946980', 'playCount': '134761112', 'repostCount': '0', 'shareCount': '704896'}",2600000.0,44700.0,6958.0,134800000.0,704900.0,1300000.0,0.0,22500000.0,22500000.0,40.0,tobesfinds,Tobes Finds,7191169639077512197
6890346072661626117,"{'avatarLarger': 'https://p16-sign.tiktokcdn-us.com/tos-useast5-avt-0068-tx/7343024306286395434~c5_1080x1080.jpeg?lk3s=a5d48078&nonce=87141&refresh_token=7a4ef3ec518b55969bf2e98a5d56f87a&x-expires=1716663600&x-signature=3jQ3AmrhboJ%2BCk8TkTIW53D2cUY%3D&shp=a5d48078&shcp=b59d6b55', 'avatarMedium': 'https://p16-sign.tiktokcdn-us.com/tos-useast5-avt-0068-tx/7343024306286395434~c5_720x720.jpeg?lk3s=a5d48078&nonce=1778&refresh_token=7e076aacbe6e9a6afe5cfe0c3223f2d7&x-expires=1716663600&x-signature=fiX6DljXqw6QDBW5Fu30TvJoZZc%3D&shp=a5d48078&shcp=b59d6b55', 'avatarThumb': 'https://p16-sign.tiktokcdn-us.com/tos-useast5-avt-0068-tx/7343024306286395434~c5_100x100.jpeg?lk3s=a5d48078&nonce=26642&refresh_token=9dcca16eb32b923f62ce00506754aff6&x-expires=1716663600&x-signature=cvQ8%2Fa5ZR5Bs3pWVtPT7gylBLtY%3D&shp=a5d48078&shcp=b59d6b55', 'commentSetting': 0, 'downloadSetting': 0, 'duetSetting': 0, 'ftc': False, 'id': '6643126377816489990', 'isADVirtual': False, 'isEmbedBanned': False, 'nickname': 'arianalucidonio', 'openFavorite': False, 'privateAccount': False, 'relation': 0, 'secUid': 'MS4wLjABAAAA1_Z0XiSwSqYpEZVIhAu-854pyAiNRQSuh7n3PvEnGzZh49GedomW2tEEf3Ornik9', 'secret': False, 'signature': 'philly üìç\ninquiries ‚á£\n‚ãÜ makeupbyarianalucid@gmail.com ‚ãÜ', 'stitchSetting': 0, 'ttSeller': False, 'uniqueId': 'arianalucidonio', 'verified': False}","{'diggCount': 112500, 'followerCount': 504100, 'followingCount': 256, 'friendCount': 0, 'heart': 21600000, 'heartCount': 21600000, 'videoCount': 347}",1604283744,"yall... sprint to amazon!!!! @plantifique foot peel mask, link in bio ‚ú® (AD) #plantifique #plantifiqueskincare #amazonmusthaves #amazon #amazonfinds",False,"{'collectCount': 1100000, 'commentCount': 93300, 'diggCount': 9900000, 'playCount': 55400000, 'shareCount': 856200}","{'collectCount': '1125572', 'commentCount': '93281', 'diggCount': '9938426', 'playCount': '55440470', 'repostCount': '0', 'shareCount': '856199'}",1100000.0,93300.0,112500.0,55400000.0,856200.0,504100.0,0.0,21600000.0,21600000.0,347.0,arianalucidonio,arianalucidonio,6643126377816489990
7366659432610024747,"{'avatarLarger': 'https://p19-pu-sign-useast8.tiktokcdn-us.com/tos-useast5-avt-0068-tx/7337202921664151594~c5_1080x1080.jpeg?lk3s=a5d48078&nonce=17380&refresh_token=3288a2139089bc7c3b35029a9dc6ec3a&x-expires=1716663600&x-signature=0wXztEHTs3%2F514HknGiNI2lJaRk%3D&shp=a5d48078&shcp=b59d6b55', 'avatarMedium': 'https://p16-pu-sign-useast8.tiktokcdn-us.com/tos-useast5-avt-0068-tx/7337202921664151594~c5_720x720.jpeg?lk3s=a5d48078&nonce=60303&refresh_token=18018822d6f57b08276e279ed560d7bf&x-expires=1716663600&x-signature=XGpE2Ul%2BLqwuEFQW%2BWEa78kxnLI%3D&shp=a5d48078&shcp=b59d6b55', 'avatarThumb': 'https://p16-pu-sign-useast8.tiktokcdn-us.com/tos-useast5-avt-0068-tx/7337202921664151594~c5_100x100.jpeg?lk3s=a5d48078&nonce=22954&refresh_token=4bd990b15061d467c5590a378b12ac95&x-expires=1716663600&x-signature=aeGQcD8B6geD194MaROMTKPvoBU%3D&shp=a5d48078&shcp=b59d6b55', 'commentSetting': 0, 'downloadSetting': 0, 'duetSetting': 0, 'ftc': False, 'id': '6810868298629071877', 'isADVirtual': False, 'isEmbedBanned': False, 'nickname': 'Glenda', 'openFavorite': False, 'privateAccount': False, 'relation': 0, 'secUid': 'MS4wLjABAAAAcuqUZztNNMYcOT0oT7TyO2y07CQzoWAh3pVT1vZIZc646UBWIWNOhec6RoKSDp8p', 'secret': False, 'signature': 'lifestyle | amazon | home\n‚úâÔ∏è glenxda@talent.neoreach.com\n‚Üì LINKS ‚Üì', 'stitchSetting': 0, 'ttSeller': False, 'uniqueId': 'glenxda', 'verified': False}","{'diggCount': 1177, 'followerCount': 400100, 'followingCount': 139, 'friendCount': 0, 'heart': 18400000, 'heartCount': 18400000, 'videoCount': 187}",1715184076,That time of the month bath time ü©∏üõÅü´ßüßñüèª‚Äç‚ôÄÔ∏è  ‚ú®Links are in my amazon storefront in my bio‚ú® #bath #bathtime #routine #selfcare #cozy #cozyathome #cozyvibes #thatgirl #aesthetic #bathroutine #skincare #snacks #chocolate #movienight #satisfying #asmr #asmrsounds #amazon #amazonfinds #amazonfavorites #amazonmusthaves #fyp #foryou #foryoupage ,False,"{'collectCount': 650100, 'commentCount': 53200, 'diggCount': 7900000, 'playCount': 100800000, 'shareCount': 859600}","{'collectCount': '650090', 'commentCount': '53196', 'diggCount': '7908564', 'playCount': '100772233', 'repostCount': '0', 'shareCount': '859606'}",650100.0,53200.0,1177.0,100800000.0,859600.0,400100.0,0.0,18400000.0,18400000.0,187.0,glenxda,Glenda,6810868298629071877
7058546692563455234,"{'avatarLarger': 'https://p16-sign-sg.tiktokcdn.com/aweme/1080x1080/tos-alisg-avt-0068/ce181c74d2b766817f69b8c93b3be537.jpeg?lk3s=a5d48078&nonce=36154&refresh_token=07560ee9f58282a19929dc9559a9c842&x-expires=1716663600&x-signature=v%2BgBDKZnqqwhUYQUn47aNwjxMyo%3D&shp=a5d48078&shcp=b59d6b55', 'avatarMedium': 'https://p16-sign-sg.tiktokcdn.com/aweme/720x720/tos-alisg-avt-0068/ce181c74d2b766817f69b8c93b3be537.jpeg?lk3s=a5d48078&nonce=8681&refresh_token=566d6c8e124ecbd57732daccfa19bf3a&x-expires=1716663600&x-signature=a8H%2FDvEbaOFGUKvDlqC3k%2F%2BzNnE%3D&shp=a5d48078&shcp=b59d6b55', 'avatarThumb': 'https://p58-sign-sg.tiktokcdn.com/aweme/100x100/tos-alisg-avt-0068/ce181c74d2b766817f69b8c93b3be537.jpeg?lk3s=a5d48078&nonce=36498&refresh_token=549b9ca70be773d18798d969449fc852&x-expires=1716663600&x-signature=7T5Uzt3qLvkZeODtQmZLHCC0q50%3D&shp=a5d48078&shcp=b59d6b55', 'commentSetting': 0, 'downloadSetting': 0, 'duetSetting': 0, 'ftc': False, 'id': '6971481012379386885', 'isADVirtual': False, 'isEmbedBanned': False, 'nickname': '_Tusya_kiskis', 'openFavorite': False, 'privateAccount': False, 'relation': 0, 'secUid': 'MS4wLjABAAAAjwhyNOasSIqC1DUD5nNL7ohitr3fUg0EksbqIBfiglG4srof-pj0119sbPOw-yht', 'secret': False, 'signature': '–ü—Ä–∏–≤–µ—Ç–∏–∫–∏,–º–µ–Ω—è –∑–æ–≤—É—Ç –¢—É—Å—èüòª\n–ü–æ–¥–ø–∏—Å—ã–≤–∞–π—Ç–µ—Å—å –≤ Inst ‚¨ÜÔ∏è\ntusya_kiskis', 'stitchSetting': 0, 'ttSeller': False, 'uniqueId': '_tusya_kiskis', 'verified': True}","{'diggCount': 919, 'followerCount': 8600000, 'followingCount': 23, 'friendCount': 0, 'heart': 144700000, 'heartCount': 144700000, 'videoCount': 204}",1643445970,–ù–∞–≤–µ–ª–∏ –∫—Ä–∞—Å–æ—Ç—É üòª #amazonfinds #amazonmusthaves,True,"{'collectCount': 251200, 'commentCount': 57800, 'diggCount': 7600000, 'playCount': 78600000, 'shareCount': 235600}","{'collectCount': '251243', 'commentCount': '57839', 'diggCount': '7591924', 'playCount': '78575199', 'repostCount': '0', 'shareCount': '235642'}",251200.0,57800.0,919.0,78600000.0,235600.0,8600000.0,0.0,144700000.0,144700000.0,204.0,_tusya_kiskis,_Tusya_kiskis,6971481012379386885
7220139400783465733,"{'avatarLarger': 'https://p16-sign-va.tiktokcdn.com/tos-maliva-avt-0068/7324104919324049413~c5_1080x1080.jpeg?lk3s=a5d48078&nonce=97972&refresh_token=d1a7389430a3afff79bcd820ae85e598&x-expires=1716663600&x-signature=sbUm0slk4hUzmj%2BZMlCDo24sqqQ%3D&shp=a5d48078&shcp=b59d6b55', 'avatarMedium': 'https://p16-sign-va.tiktokcdn.com/tos-maliva-avt-0068/7324104919324049413~c5_720x720.jpeg?lk3s=a5d48078&nonce=16438&refresh_token=c027ff347d1045e9069c0e4ab7c55232&x-expires=1716663600&x-signature=6mDgQj%2FRrAtZCht7BDe2crWMEQc%3D&shp=a5d48078&shcp=b59d6b55', 'avatarThumb': 'https://p16-sign-va.tiktokcdn.com/tos-maliva-avt-0068/7324104919324049413~c5_100x100.jpeg?lk3s=a5d48078&nonce=93025&refresh_token=1a52222a8d10af226ec05b6053a61dee&x-expires=1716663600&x-signature=3U9a02AMsQbOz8HdA5eBVdZM4kc%3D&shp=a5d48078&shcp=b59d6b55', 'commentSetting': 0, 'downloadSetting': 3, 'duetSetting': 0, 'ftc': False, 'id': '6714055645173597190', 'isADVirtual': False, 'isEmbedBanned': False, 'nickname': 'Enyaa', 'openFavorite': True, 'privateAccount': False, 'relation': 0, 'secUid': 'MS4wLjABAAAA0MVJZhg9RcnIq-4zMX3_Sh3NIJlTkKEOzkKx6Qr20qRBtQUzb1YwQfedUe-59urK', 'secret': False, 'signature': 'Buy at tiktok shop @ realmopman_49\nwww.enyaa.co.uk', 'stitchSetting': 0, 'ttSeller': True, 'uniqueId': 'eny4a', 'verified': False}","{'diggCount': 245, 'followerCount': 56800, 'followingCount': 3, 'friendCount': 0, 'heart': 7600000, 'heartCount': 7600000, 'videoCount': 41}",1681069706,#fyp #foryou #amazonfinds #mop #cleaning @Realmopman49 ,False,"{'collectCount': 377500, 'commentCount': 28500, 'diggCount': 7500000, 'playCount': 157100000, 'shareCount': 318600}","{'collectCount': '377459', 'commentCount': '28470', 'diggCount': '7473482', 'playCount': '157145354', 'repostCount': '0', 'shareCount': '318551'}",377500.0,28500.0,245.0,157100000.0,318600.0,56800.0,0.0,7600000.0,7600000.0,41.0,eny4a,Enyaa,6714055645173597190
7158944713012251950,"{'avatarLarger': 'https://p16-sign.tiktokcdn-us.com/tos-useast5-avt-0068-tx/d73bb07192560bed827be5d6108d549d~c5_1080x1080.jpeg?lk3s=a5d48078&nonce=12272&refresh_token=4a031d16eb56f6909d24a3ac33d3d072&x-expires=1716663600&x-signature=h957%2BBpA8kqCGEmKBpP%2FyArcJgg%3D&shp=a5d48078&shcp=b59d6b55', 'avatarMedium': 'https://p16-sign.tiktokcdn-us.com/tos-useast5-avt-0068-tx/d73bb07192560bed827be5d6108d549d~c5_720x720.jpeg?lk3s=a5d48078&nonce=90724&refresh_token=88a683bab1d740a2e8c248e251961882&x-expires=1716663600&x-signature=AVC4ZSn7UG225len04FmfCAer6M%3D&shp=a5d48078&shcp=b59d6b55', 'avatarThumb': 'https://p16-sign.tiktokcdn-us.com/tos-useast5-avt-0068-tx/d73bb07192560bed827be5d6108d549d~c5_100x100.jpeg?lk3s=a5d48078&nonce=73934&refresh_token=14a762a292ebaa458f269b9b9a99c25c&x-expires=1716663600&x-signature=%2BhDPvGKaSWip3%2F9d0FYg7IHdM7g%3D&shp=a5d48078&shcp=b59d6b55', 'commentSetting': 0, 'downloadSetting': 3, 'duetSetting': 0, 'ftc': False, 'id': '6785320261664572421', 'isADVirtual': False, 'isEmbedBanned': False, 'nickname': 'MAKAYLA', 'openFavorite': False, 'privateAccount': False, 'relation': 0, 'secUid': 'MS4wLjABAAAAuFRfluKOF2t-nVup0PCpv_OtO8joPITqf88PqftTpsL062nJFT0xOcuxZfFueGJX', 'secret': False, 'signature': 'üåàüåû\nüíå: makaylaalexx@gmail.com', 'stitchSetting': 0, 'ttSeller': False, 'uniqueId': 'teachingwithmsd', 'verified': False}","{'diggCount': 635, 'followerCount': 356900, 'followingCount': 180, 'friendCount': 0, 'heart': 16500000, 'heartCount': 16500000, 'videoCount': 398}",1666821715,these bad boys have been with me for over a year! lowkey impressed some lasted this long in my desk! #teach #teacher #teachers #socialstudies #socialstudiesteacher #aphumangeography #historyteacher #teachersoftiktok #teachersbelike #teachertok #teacherlife #teachersontiktok #teachertips #marker #whiteboard #dryerasemarker #dryeraseboard #dryerasetok #asmr #asmrsounds #asmrtiktoks #asmrvideo #writing #handwriting #crayolatakenote #bicintensity #amazon #amazonfinds #amazonbasics #youngteacher #youngteachers  #fyp #secondyearteacher #pentok #teachertok #pens #penratings ,False,"{'collectCount': 434100, 'commentCount': 25400, 'diggCount': 7300000, 'playCount': 37900000, 'shareCount': 31800}","{'collectCount': '434082', 'commentCount': '25368', 'diggCount': '7302580', 'playCount': '37948480', 'repostCount': '0', 'shareCount': '31773'}",434100.0,25400.0,635.0,37900000.0,31800.0,356900.0,0.0,16500000.0,16500000.0,398.0,teachingwithmsd,MAKAYLA,6785320261664572421
7232370620837727530,"{'avatarLarger': 'https://p19-sign.tiktokcdn-us.com/tos-useast5-avt-0068-tx/80014ae39557d0c8e4863e94867e98de~c5_1080x1080.jpeg?lk3s=a5d48078&nonce=46113&refresh_token=e5c10f876d7541084790762a3ad092f2&x-expires=1716663600&x-signature=6p2iGUldsBWPtG%2ByVnI6MsbOexI%3D&shp=a5d48078&shcp=b59d6b55', 'avatarMedium': 'https://p16-sign.tiktokcdn-us.com/tos-useast5-avt-0068-tx/80014ae39557d0c8e4863e94867e98de~c5_720x720.jpeg?lk3s=a5d48078&nonce=92503&refresh_token=29667892728a724445bf33decc83d226&x-expires=1716663600&x-signature=%2FjIUqBR5iWc1H1ILiXDix4ZjSUc%3D&shp=a5d48078&shcp=b59d6b55', 'avatarThumb': 'https://p16-sign.tiktokcdn-us.com/tos-useast5-avt-0068-tx/80014ae39557d0c8e4863e94867e98de~c5_100x100.jpeg?lk3s=a5d48078&nonce=17201&refresh_token=68649c591309a940c43bd3c87ae25d3c&x-expires=1716663600&x-signature=yt%2FZjDHTiiQ8W3mjUv4IG%2F4fgSE%3D&shp=a5d48078&shcp=b59d6b55', 'commentSetting': 0, 'downloadSetting': 3, 'duetSetting': 3, 'ftc': False, 'id': '6736295149368329222', 'isADVirtual': False, 'isEmbedBanned': False, 'nickname': 'Natalie Smith', 'openFavorite': False, 'privateAccount': False, 'relation': 0, 'secUid': 'MS4wLjABAAAA1Ig3hvYI_D-s17Ae82lVlFiGC9lakGtlJt9PntVnn-q2kW3XNZGATvmitmkc74rB', 'secret': False, 'signature': 'little bit of us and a place to vlog our memories! UT\nüíåNataliessmith@yahoo.com', 'stitchSetting': 3, 'ttSeller': False, 'uniqueId': 'natalies.smith', 'verified': False}","{'diggCount': 16800, 'followerCount': 594000, 'followingCount': 46, 'friendCount': 0, 'heart': 55000000, 'heartCount': 55000000, 'videoCount': 981}",1683917536,The best type of date nights üíì Code: 20NATSMTH for 20% off link in my bio! üíì #marriage #couplestiktok #marriedlife #pov #movienight #top100movies #movieposter #datenight #date #couples #relatable #fyp #amazonfinds ,False,"{'collectCount': 832500, 'commentCount': 40300, 'diggCount': 7200000, 'playCount': 48500000, 'shareCount': 829800}","{'collectCount': '832496', 'commentCount': '40292', 'diggCount': '7197951', 'playCount': '48480163', 'repostCount': '0', 'shareCount': '829821'}",832500.0,40300.0,16800.0,48500000.0,829800.0,594000.0,0.0,55000000.0,55000000.0,981.0,natalies.smith,Natalie Smith,6736295149368329222
6897636451849112838,"{'avatarLarger': 'https://p16-sign-va.tiktokcdn.com/tos-maliva-avt-0068/7336746732992888838~c5_1080x1080.jpeg?lk3s=a5d48078&nonce=28054&refresh_token=cc4c1f34ac2d0e81885988088bce91f7&x-expires=1716663600&x-signature=gIJMPA4k7Bnd0bGrz2cVqCG0A8w%3D&shp=a5d48078&shcp=b59d6b55', 'avatarMedium': 'https://p16-sign-va.tiktokcdn.com/tos-maliva-avt-0068/7336746732992888838~c5_720x720.jpeg?lk3s=a5d48078&nonce=98439&refresh_token=619138c6b5430985dedbb1ca977a428c&x-expires=1716663600&x-signature=DUei0P065qdBSKb3By6hD0qdtCw%3D&shp=a5d48078&shcp=b59d6b55', 'avatarThumb': 'https://p16-sign-va.tiktokcdn.com/tos-maliva-avt-0068/7336746732992888838~c5_100x100.jpeg?lk3s=a5d48078&nonce=11619&refresh_token=9e92fc7228d963484aedbac385966bfa&x-expires=1716663600&x-signature=%2FlhSwxGC3omOdjeFlmP4k4Y0ca0%3D&shp=a5d48078&shcp=b59d6b55', 'commentSetting': 0, 'downloadSetting': 3, 'duetSetting': 1, 'ftc': False, 'id': '6722618095775794181', 'isADVirtual': False, 'isEmbedBanned': False, 'nickname': 'Teresa Caruso', 'openFavorite': False, 'privateAccount': False, 'relation': 0, 'secUid': 'MS4wLjABAAAA2ItjOUGg3okkgmMvG8jDJ9Ew7FWjr7oG1ZAs2tEBBbooH8K9dVL_G2MKbAcXM-3c', 'secret': False, 'signature': 'Type the link below into your browser for links üëáüèº \nwww.teresacaruso.com/links', 'stitchSetting': 1, 'ttSeller': False, 'uniqueId': 'teresalauracaruso', 'verified': True}","{'diggCount': 4195, 'followerCount': 3500000, 'followingCount': 426, 'friendCount': 0, 'heart': 118000000, 'heartCount': 118000000, 'videoCount': 758}",1605981174,The coolest Amazon gadget ever! üòçü§Ø #learnontiktok #amazon #amazonfinds #workingathome #tiktokpartner,False,"{'collectCount': 841700, 'commentCount': 68700, 'diggCount': 7200000, 'playCount': 43000000, 'shareCount': 320900}","{'collectCount': '841749', 'commentCount': '68673', 'diggCount': '7192049', 'playCount': '42950423', 'repostCount': '0', 'shareCount': '320862'}",841700.0,68700.0,4195.0,43000000.0,320900.0,3500000.0,0.0,118000000.0,118000000.0,758.0,teresalauracaruso,Teresa Caruso,6722618095775794181
7118086870155971886,"{'avatarLarger': 'https://p16-pu-sign-useast8.tiktokcdn-us.com/tos-useast5-avt-0068-tx/49391a07271fc7120d2a167cf7307433~c5_1080x1080.jpeg?lk3s=a5d48078&nonce=67801&refresh_token=74e1c0d5190e4ca1a52b4a97dcc5c43c&x-expires=1716663600&x-signature=SRlgRYcBDDtiRYlewl1swQd3Q6o%3D&shp=a5d48078&shcp=b59d6b55', 'avatarMedium': 'https://p16-pu-sign-useast8.tiktokcdn-us.com/tos-useast5-avt-0068-tx/49391a07271fc7120d2a167cf7307433~c5_720x720.jpeg?lk3s=a5d48078&nonce=4222&refresh_token=bf7ef7d7c2fe9abf30d1eabc38ea609f&x-expires=1716663600&x-signature=3%2BD9xRNd3%2BoF459Gj%2F5MXQhebBY%3D&shp=a5d48078&shcp=b59d6b55', 'avatarThumb': 'https://p16-pu-sign-useast8.tiktokcdn-us.com/tos-useast5-avt-0068-tx/49391a07271fc7120d2a167cf7307433~c5_100x100.jpeg?lk3s=a5d48078&nonce=83461&refresh_token=62b39570454b37b9237de0562eb37451&x-expires=1716663600&x-signature=C3wrnwlrvLUwnKMHgt7JcIf8Et4%3D&shp=a5d48078&shcp=b59d6b55', 'commentSetting': 0, 'downloadSetting': 0, 'duetSetting': 0, 'ftc': False, 'id': '6776020666518717445', 'isADVirtual': False, 'isEmbedBanned': False, 'nickname': 'kaeli mae', 'openFavorite': False, 'privateAccount': False, 'relation': 0, 'secUid': 'MS4wLjABAAAAOHySomi6C1F0rcs5StDQlWrQm77XC8C6UbRedGk9R6kj_Bx6YWtwPvnzSn37qRuV', 'secret': False, 'signature': 'all things life + home\n üíåkaeli@palettemgmt.com\n‚á£my amazon & links‚á£', 'stitchSetting': 0, 'ttSeller': False, 'uniqueId': 'kaelimaee', 'verified': True}","{'diggCount': 13100, 'followerCount': 14700000, 'followingCount': 250, 'friendCount': 0, 'heart': 620200000, 'heartCount': 620200000, 'videoCount': 1199}",1657308751,time for another office refreshüïäüåøüñ• #fyp #foryoupage #aesthetic #thatgirl #satisfying #asmr #asmrsounds #office #cleantok #cleaning #organize #desksetup #home #decor #amazonfinds,False,"{'collectCount': 530100, 'commentCount': 21800, 'diggCount': 6600000, 'playCount': 51900000, 'shareCount': 56000}","{'collectCount': '530120', 'commentCount': '21822', 'diggCount': '6622704', 'playCount': '51945862', 'repostCount': '0', 'shareCount': '56027'}",530100.0,21800.0,13100.0,51900000.0,56000.0,14700000.0,0.0,620200000.0,620200000.0,1199.0,kaelimaee,kaeli mae,6776020666518717445
7212769061460184366,"{'avatarLarger': 'https://p16-pu-sign-useast8.tiktokcdn-us.com/tos-useast5-avt-0068-tx/7349807383897456686~c5_1080x1080.jpeg?lk3s=a5d48078&nonce=98667&refresh_token=d5302c435550cb84198020530a60bfd5&x-expires=1716663600&x-signature=5wONjQbFHOl1j%2FZCrkSOtP7%2FQvM%3D&shp=a5d48078&shcp=b59d6b55', 'avatarMedium': 'https://p16-pu-sign-useast8.tiktokcdn-us.com/tos-useast5-avt-0068-tx/7349807383897456686~c5_720x720.jpeg?lk3s=a5d48078&nonce=62190&refresh_token=0eaee3812f66c362a804c513bc982a22&x-expires=1716663600&x-signature=AaWxA3SQS1MrFfOXFUJjVtvPxjU%3D&shp=a5d48078&shcp=b59d6b55', 'avatarThumb': 'https://p19-pu-sign-useast8.tiktokcdn-us.com/tos-useast5-avt-0068-tx/7349807383897456686~c5_100x100.jpeg?lk3s=a5d48078&nonce=31170&refresh_token=d94cacb37205cdba2b962d0aa0291245&x-expires=1716663600&x-signature=%2FGW7mmtu3jSLx8YU6I6q40myJoY%3D&shp=a5d48078&shcp=b59d6b55', 'commentSetting': 0, 'downloadSetting': 0, 'duetSetting': 0, 'ftc': False, 'id': '7185228563698730030', 'isADVirtual': False, 'isEmbedBanned': False, 'nickname': 'andreja.elena', 'openFavorite': False, 'privateAccount': False, 'relation': 0, 'secUid': 'MS4wLjABAAAATNyAiVwk0GWXPFjJD-JmkSwquLUO10xTSgj4amqqJ4l5gOtomWYEYFHmYEaLei61', 'secret': False, 'signature': '‚Ä¢Making life easier & more beautiful\n‚Ä¢My favorite finds\nüîóAll L I N K S belowüëá', 'stitchSetting': 0, 'ttSeller': False, 'uniqueId': 'andreja.elena', 'verified': False}","{'diggCount': 109, 'followerCount': 58300, 'followingCount': 15, 'friendCount': 0, 'heart': 8000000, 'heartCount': 8000000, 'videoCount': 143}",1679353674,This is NOT what I expected üò≠#birdfeeder #birdfeeding #whatiorderedversuswhatigot  #birdlover #uniquefinds #amazonfinds ,False,"{'collectCount': 451100, 'commentCount': 46300, 'diggCount': 6400000, 'playCount': 43900000, 'shareCount': 1000000}","{'collectCount': '451053', 'commentCount': '46253', 'diggCount': '6404068', 'playCount': '43936495', 'repostCount': '0', 'shareCount': '1012065'}",451100.0,46300.0,109.0,43900000.0,1000000.0,58300.0,0.0,8000000.0,8000000.0,143.0,andreja.elena,andreja.elena,7185228563698730030
7259505958118853931,"{'avatarLarger': 'https://p16-sign.tiktokcdn-us.com/tos-useast5-avt-0068-tx/7315930048366641198~c5_1080x1080.jpeg?lk3s=a5d48078&nonce=43319&refresh_token=61d18854943f77c8e2e0e879be5a413c&x-expires=1716663600&x-signature=C6fR1Wkzs7p5esiCmJzRVD1kwv8%3D&shp=a5d48078&shcp=b59d6b55', 'avatarMedium': 'https://p19-sign.tiktokcdn-us.com/tos-useast5-avt-0068-tx/7315930048366641198~c5_720x720.jpeg?lk3s=a5d48078&nonce=14931&refresh_token=f9c91b009ace1d8b0682f4716f338b0f&x-expires=1716663600&x-signature=sYSfMdhpzlhyETfmXWGN3VUEXrg%3D&shp=a5d48078&shcp=b59d6b55', 'avatarThumb': 'https://p16-sign.tiktokcdn-us.com/tos-useast5-avt-0068-tx/7315930048366641198~c5_100x100.jpeg?lk3s=a5d48078&nonce=1118&refresh_token=82eeb1d48595f02fb2415e04457d0166&x-expires=1716663600&x-signature=DyUL%2FZjwFdjfPViFMFyElBZ0egg%3D&shp=a5d48078&shcp=b59d6b55', 'commentSetting': 0, 'downloadSetting': 0, 'duetSetting': 0, 'ftc': False, 'id': '7155954783169496106', 'isADVirtual': False, 'isEmbedBanned': False, 'nickname': 'Justice Buys', 'openFavorite': False, 'privateAccount': False, 'relation': 0, 'secUid': 'MS4wLjABAAAAPJ61j_yk0kkKnyG0Jqe0echqNgDDRYnLqxLh05cjWfMtD2my-fYMetcEaZzOmq_s', 'secret': False, 'signature': 'Product reviews üì¶\nAmazon finds üî•\nAll products in videos ‚¨áÔ∏è', 'stitchSetting': 0, 'ttSeller': False, 'uniqueId': 'justicebuys', 'verified': False}","{'diggCount': 1289, 'followerCount': 1200000, 'followingCount': 60, 'friendCount': 0, 'heart': 35300000, 'heartCount': 35300000, 'videoCount': 155}",1690235458,Number 3 is my fav üôåüèºüòÇ #amazonfinds #gadgets #justicebuys #productreview #tiktokmademebuyit #amazonfinds ,False,"{'collectCount': 1300000, 'commentCount': 18700, 'diggCount': 6400000, 'playCount': 71600000, 'shareCount': 493200}","{'collectCount': '1322694', 'commentCount': '18729', 'diggCount': '6359585', 'playCount': '71597631', 'repostCount': '0', 'shareCount': '493246'}",1300000.0,18700.0,1289.0,71600000.0,493200.0,1200000.0,0.0,35300000.0,35300000.0,155.0,justicebuys,Justice Buys,7155954783169496106
7040173254186634501,"{'avatarLarger': 'https://p16-sign-va.tiktokcdn.com/tos-maliva-avt-0068/498747241f09c3983504676071ec2174~c5_1080x1080.jpeg?lk3s=a5d48078&nonce=65153&refresh_token=8472608094ae6706bbd1cb46a61ed3d9&x-expires=1716663600&x-signature=5xvhMcShOv8jWVJYyvl34u0%2F5rM%3D&shp=a5d48078&shcp=b59d6b55', 'avatarMedium': 'https://p16-sign-va.tiktokcdn.com/tos-maliva-avt-0068/498747241f09c3983504676071ec2174~c5_720x720.jpeg?lk3s=a5d48078&nonce=41409&refresh_token=a1a2f8c0af0120d134be8f5f2d4a9315&x-expires=1716663600&x-signature=xUs1%2BchzZGvHbldjAQdjblHYjTk%3D&shp=a5d48078&shcp=b59d6b55', 'avatarThumb': 'https://p16-sign-va.tiktokcdn.com/tos-maliva-avt-0068/498747241f09c3983504676071ec2174~c5_100x100.jpeg?lk3s=a5d48078&nonce=65155&refresh_token=4bae420197e8ef92c29b8a3b29f3b002&x-expires=1716663600&x-signature=m1tgO%2F0G2NR79G7K98plZcfwwuM%3D&shp=a5d48078&shcp=b59d6b55', 'commentSetting': 0, 'downloadSetting': 3, 'duetSetting': 3, 'ftc': False, 'id': '6746311196192162821', 'isADVirtual': False, 'isEmbedBanned': False, 'nickname': 'lucy massad', 'openFavorite': False, 'privateAccount': False, 'relation': 0, 'secUid': 'MS4wLjABAAAAj1IAfcuYySR3nwlqG3gYtSS03rv1QvYqUvVgrLlvno8byVDq1T25amtIPyzuBdXw', 'secret': False, 'signature': 'pls prime responsibly\n\nüì© Rich@Stride-Social.com\n\neverything here ‚¨áÔ∏è', 'stitchSetting': 3, 'ttSeller': False, 'uniqueId': 'lucymassad', 'verified': False}","{'diggCount': 5492, 'followerCount': 306700, 'followingCount': 68, 'friendCount': 0, 'heart': 10600000, 'heartCount': 10600000, 'videoCount': 64}",1639168071,Life changing #amazonfinds #smallapartment,False,"{'collectCount': 502500, 'commentCount': 22900, 'diggCount': 5800000, 'playCount': 45800000, 'shareCount': 293400}","{'collectCount': '502500', 'commentCount': '22850', 'diggCount': '5823092', 'playCount': '45817667', 'repostCount': '0', 'shareCount': '293352'}",502500.0,22900.0,5492.0,45800000.0,293400.0,306700.0,0.0,10600000.0,10600000.0,64.0,lucymassad,lucy massad,6746311196192162821
6982377509648092421,"{'avatarLarger': 'https://p19-pu-sign-useast8.tiktokcdn-us.com/tos-useast5-avt-0068-tx/091ead9de8d6d963cfc3d2e681cc2c35~c5_1080x1080.jpeg?lk3s=a5d48078&nonce=43587&refresh_token=59b44821795dc9d27361f65291717b86&x-expires=1716663600&x-signature=AJqB2%2F6INczuNQS5g8R7JVk4kpU%3D&shp=a5d48078&shcp=b59d6b55', 'avatarMedium': 'https://p19-pu-sign-useast8.tiktokcdn-us.com/tos-useast5-avt-0068-tx/091ead9de8d6d963cfc3d2e681cc2c35~c5_720x720.jpeg?lk3s=a5d48078&nonce=73528&refresh_token=318ae568767a083f3b20b551d9797071&x-expires=1716663600&x-signature=53NGROKsNysKwpAadKuI3RE0W9g%3D&shp=a5d48078&shcp=b59d6b55', 'avatarThumb': 'https://p16-pu-sign-useast8.tiktokcdn-us.com/tos-useast5-avt-0068-tx/091ead9de8d6d963cfc3d2e681cc2c35~c5_100x100.jpeg?lk3s=a5d48078&nonce=94005&refresh_token=d7376fea06f29f62f2cd4a7f8e5bd87f&x-expires=1716663600&x-signature=x5AASV17tOy77RvWZtVeyofR6%2FE%3D&shp=a5d48078&shcp=b59d6b55', 'commentSetting': 0, 'downloadSetting': 3, 'duetSetting': 0, 'ftc': False, 'id': '55842125203939328', 'isADVirtual': False, 'isEmbedBanned': False, 'nickname': 'Heart Defensor', 'openFavorite': False, 'privateAccount': False, 'relation': 0, 'secUid': 'MS4wLjABAAAAoHW0csbFdky3TBHUf8dgOJyn7P-IzwCpIXf7KKbiVYkWQs5s23F4-AhWnQ9wzJH9', 'secret': False, 'signature': 'i just rly love unboxing things ü•≤\nüì´: heartdefensor@select.co', 'stitchSetting': 0, 'ttSeller': False, 'uniqueId': 'heartdefensor', 'verified': True}","{'diggCount': 63600, 'followerCount': 4400000, 'followingCount': 20, 'friendCount': 0, 'heart': 205400000, 'heartCount': 205400000, 'videoCount': 630}",1625711455,unboxing my new levitating light bulb lamp üí° link in bio #amazonmusthaves #amazonfinds #tiktokmademebuyit #tiktokmademebuythis,False,"{'collectCount': 424400, 'commentCount': 23100, 'diggCount': 5600000, 'playCount': 27400000, 'shareCount': 72000}","{'collectCount': '424369', 'commentCount': '23092', 'diggCount': '5606460', 'playCount': '27443528', 'repostCount': '0', 'shareCount': '72033'}",424400.0,23100.0,63600.0,27400000.0,72000.0,4400000.0,0.0,205400000.0,205400000.0,630.0,heartdefensor,Heart Defensor,55842125203939328
6834331690282831110,"{'avatarLarger': 'https://p16-sign.tiktokcdn-us.com/tos-useast5-avt-0068-tx/44516f7de26e20f539ff387da1e586e9~c5_1080x1080.jpeg?lk3s=a5d48078&nonce=17643&refresh_token=ee83279163ef3976c79f52047c6c4d3a&x-expires=1716663600&x-signature=J5LefmbRLWMQZF9SLP1ATXJIeYs%3D&shp=a5d48078&shcp=b59d6b55', 'avatarMedium': 'https://p16-sign.tiktokcdn-us.com/tos-useast5-avt-0068-tx/44516f7de26e20f539ff387da1e586e9~c5_720x720.jpeg?lk3s=a5d48078&nonce=29058&refresh_token=b66203a16b2bd263fbf05d46e64e5f6e&x-expires=1716663600&x-signature=hcUZlfwXRGhJ0e3y%2BcVN7%2B8fDMY%3D&shp=a5d48078&shcp=b59d6b55', 'avatarThumb': 'https://p19-sign.tiktokcdn-us.com/tos-useast5-avt-0068-tx/44516f7de26e20f539ff387da1e586e9~c5_100x100.jpeg?lk3s=a5d48078&nonce=88881&refresh_token=f95fa48ad29e2b4c7fec64ba66cb7796&x-expires=1716663600&x-signature=ligPwH5AmemhFCqxmdOwwYbtxgc%3D&shp=a5d48078&shcp=b59d6b55', 'commentSetting': 0, 'downloadSetting': 3, 'duetSetting': 0, 'ftc': False, 'id': '6818659638281339910', 'isADVirtual': False, 'isEmbedBanned': False, 'nickname': 'toponlinefinds', 'openFavorite': False, 'privateAccount': False, 'relation': 0, 'secUid': 'MS4wLjABAAAAhxR2cR8XoY8zE6__d31kTOeE7OP4Y3sqrNEYKfQhQsfSwX-O_cXR_L8kLKEQxG84', 'secret': False, 'signature': 'Amazon finds üì¶\ncontact@toponlinefinds.com\nPRODUCT LINKSüëáüèº', 'stitchSetting': 0, 'ttSeller': False, 'uniqueId': 'toponlinefinds', 'verified': False}","{'diggCount': 392, 'followerCount': 2300000, 'followingCount': 95, 'friendCount': 0, 'heart': 52500000, 'heartCount': 52500000, 'videoCount': 481}",1591241851,Cool bathroom finds!‚ú® #amazon #amazonfinds #founditonamazon #lifehacks #hacks #onlineshopping #bathroomcheck #NotOneThing #lifetips #bathroom #foryou,False,"{'collectCount': 518900, 'commentCount': 16600, 'diggCount': 5600000, 'playCount': 25700000, 'shareCount': 150800}","{'collectCount': '518913', 'commentCount': '16608', 'diggCount': '5592454', 'playCount': '25718662', 'repostCount': '0', 'shareCount': '150779'}",518900.0,16600.0,392.0,25700000.0,150800.0,2300000.0,0.0,52500000.0,52500000.0,481.0,toponlinefinds,toponlinefinds,6818659638281339910
6975329213779954950,"{'avatarLarger': 'https://p19-pu-sign-useast8.tiktokcdn-us.com/tos-useast5-avt-0068-tx/091ead9de8d6d963cfc3d2e681cc2c35~c5_1080x1080.jpeg?lk3s=a5d48078&nonce=43587&refresh_token=59b44821795dc9d27361f65291717b86&x-expires=1716663600&x-signature=AJqB2%2F6INczuNQS5g8R7JVk4kpU%3D&shp=a5d48078&shcp=b59d6b55', 'avatarMedium': 'https://p19-pu-sign-useast8.tiktokcdn-us.com/tos-useast5-avt-0068-tx/091ead9de8d6d963cfc3d2e681cc2c35~c5_720x720.jpeg?lk3s=a5d48078&nonce=73528&refresh_token=318ae568767a083f3b20b551d9797071&x-expires=1716663600&x-signature=53NGROKsNysKwpAadKuI3RE0W9g%3D&shp=a5d48078&shcp=b59d6b55', 'avatarThumb': 'https://p16-pu-sign-useast8.tiktokcdn-us.com/tos-useast5-avt-0068-tx/091ead9de8d6d963cfc3d2e681cc2c35~c5_100x100.jpeg?lk3s=a5d48078&nonce=94005&refresh_token=d7376fea06f29f62f2cd4a7f8e5bd87f&x-expires=1716663600&x-signature=x5AASV17tOy77RvWZtVeyofR6%2FE%3D&shp=a5d48078&shcp=b59d6b55', 'commentSetting': 0, 'downloadSetting': 3, 'duetSetting': 0, 'ftc': False, 'id': '55842125203939328', 'isADVirtual': False, 'isEmbedBanned': False, 'nickname': 'Heart Defensor', 'openFavorite': False, 'privateAccount': False, 'relation': 0, 'secUid': 'MS4wLjABAAAAoHW0csbFdky3TBHUf8dgOJyn7P-IzwCpIXf7KKbiVYkWQs5s23F4-AhWnQ9wzJH9', 'secret': False, 'signature': 'i just rly love unboxing things ü•≤\nüì´: heartdefensor@select.co', 'stitchSetting': 0, 'ttSeller': False, 'uniqueId': 'heartdefensor', 'verified': True}","{'diggCount': 63600, 'followerCount': 4400000, 'followingCount': 20, 'friendCount': 0, 'heart': 205400000, 'heartCount': 205400000, 'videoCount': 630}",1624070395,u need this waterproof shower phone holder lmao üöø link in bio! #tiktokmademebuyit #tiktokmademebuythis #amazonfinds #amazonmusthaves #amazonproducts,False,"{'collectCount': 346300, 'commentCount': 32800, 'diggCount': 5200000, 'playCount': 31900000, 'shareCount': 92900}","{'collectCount': '346268', 'commentCount': '32780', 'diggCount': '5173748', 'playCount': '31882760', 'repostCount': '0', 'shareCount': '92940'}",346300.0,32800.0,63600.0,31900000.0,92900.0,4400000.0,0.0,205400000.0,205400000.0,630.0,heartdefensor,Heart Defensor,55842125203939328
7257908886840167726,"{'avatarLarger': 'https://p16-pu-sign-useast8.tiktokcdn-us.com/tos-useast5-avt-0068-tx/5a23b111cb054266229afc9fa18b4b55~c5_1080x1080.jpeg?lk3s=a5d48078&nonce=88658&refresh_token=05f67b2cdaa8e25d24968d579d9efe9f&x-expires=1716663600&x-signature=gY1LK5JuvNl%2F3hWBpzBJaplV%2BKs%3D&shp=a5d48078&shcp=b59d6b55', 'avatarMedium': 'https://p16-pu-sign-useast8.tiktokcdn-us.com/tos-useast5-avt-0068-tx/5a23b111cb054266229afc9fa18b4b55~c5_720x720.jpeg?lk3s=a5d48078&nonce=68357&refresh_token=7eb5d59c102e7736d41f8bdf5e8ae667&x-expires=1716663600&x-signature=9zzqrbUvdTzdB6rSq5adc8IrGTg%3D&shp=a5d48078&shcp=b59d6b55', 'avatarThumb': 'https://p19-pu-sign-useast8.tiktokcdn-us.com/tos-useast5-avt-0068-tx/5a23b111cb054266229afc9fa18b4b55~c5_100x100.jpeg?lk3s=a5d48078&nonce=73887&refresh_token=41a4645516f38c602024316a6e7e4087&x-expires=1716663600&x-signature=IbaqiY7j3hyNLOnJLybpML0c%2BuQ%3D&shp=a5d48078&shcp=b59d6b55', 'commentSetting': 0, 'downloadSetting': 0, 'duetSetting': 0, 'ftc': False, 'id': '6796728907985323013', 'isADVirtual': False, 'isEmbedBanned': False, 'nickname': 'Emily', 'openFavorite': False, 'privateAccount': False, 'relation': 0, 'secUid': 'MS4wLjABAAAAm0jv5mJdq13woTVcIW-xq2fjYT9fEQnJN_8xnrKY3xBWySFIHJ6rgk2nMhqkRlUq', 'secret': False, 'signature': '', 'stitchSetting': 0, 'ttSeller': False, 'uniqueId': 'emburnette', 'verified': False}","{'diggCount': 2456, 'followerCount': 27700, 'followingCount': 107, 'friendCount': 0, 'heart': 5100000, 'heartCount': 5100000, 'videoCount': 8}",1689863609,Favorite amazon purchase ever ü§£ #terriblemom#amazonfinds#foryou,False,"{'collectCount': 386600, 'commentCount': 17300, 'diggCount': 5100000, 'playCount': 34300000, 'shareCount': 646100}","{'collectCount': '386644', 'commentCount': '17291', 'diggCount': '5064349', 'playCount': '34264872', 'repostCount': '0', 'shareCount': '646103'}",386600.0,17300.0,2456.0,34300000.0,646100.0,27700.0,0.0,5100000.0,5100000.0,8.0,emburnette,Emily,6796728907985323013
7347444193515818286,"{'avatarLarger': 'https://p19-pu-sign-useast8.tiktokcdn-us.com/tos-useast5-avt-0068-tx/7343733121667792939~c5_1080x1080.jpeg?lk3s=a5d48078&nonce=55340&refresh_token=e2e9e87d85633fc4b9bb60d099e9b8c0&x-expires=1716663600&x-signature=jYx59zmv0PHmgxvHHftAP6Ug7ug%3D&shp=a5d48078&shcp=b59d6b55', 'avatarMedium': 'https://p16-pu-sign-useast8.tiktokcdn-us.com/tos-useast5-avt-0068-tx/7343733121667792939~c5_720x720.jpeg?lk3s=a5d48078&nonce=16606&refresh_token=7e3f69ccd60f9417ca1b8c82cd0bbdff&x-expires=1716663600&x-signature=SbTlVDbu8qovBCYisp23yD%2BQhCg%3D&shp=a5d48078&shcp=b59d6b55', 'avatarThumb': 'https://p16-pu-sign-useast8.tiktokcdn-us.com/tos-useast5-avt-0068-tx/7343733121667792939~c5_100x100.jpeg?lk3s=a5d48078&nonce=11964&refresh_token=7565f8839836b1ba3ba689ebb2d304a0&x-expires=1716663600&x-signature=tU1YgiZFZHFWJz022ohGTJSD5g8%3D&shp=a5d48078&shcp=b59d6b55', 'commentSetting': 0, 'downloadSetting': 0, 'duetSetting': 0, 'ftc': False, 'id': '6871295815560102917', 'isADVirtual': False, 'isEmbedBanned': False, 'nickname': 'Erin Noyes', 'openFavorite': False, 'privateAccount': False, 'relation': 0, 'secUid': 'MS4wLjABAAAAuEUAxabda1OJLHtWz567BLlunUQ7JuFj40zpOWB_VewNWs8ZNGangLpozIgiI3YV', 'secret': False, 'signature': 'Whisper Fillies ü¶Ñ\nSculptor & Small Biz Mamaü¶Ñ\nShop drop 3/31\nWhisperfillies.com', 'stitchSetting': 0, 'ttSeller': False, 'uniqueId': 'whisperfillies', 'verified': False}","{'diggCount': 39, 'followerCount': 9167, 'followingCount': 21, 'friendCount': 0, 'heart': 5000000, 'heartCount': 5000000, 'videoCount': 61}",1710710188,"When I was simply expecting some supplies for my art business, and instead I was delivered SO much more üòÇ.  FedEx don‚Äôt look like this!  #amazon #amazonfinds #amazonprime #prime #fedex #happymail #gymlife #fitnessmotivation  #artistsoninstagram #amazondriver #ringdoorbell #sculptor #fantasyartist #gymrat #gymaddict #gymlife",False,"{'collectCount': 272200, 'commentCount': 21900, 'diggCount': 5000000, 'playCount': 25500000, 'shareCount': 277200}","{'collectCount': '272163', 'commentCount': '21948', 'diggCount': '5001576', 'playCount': '25531598', 'repostCount': '0', 'shareCount': '277189'}",272200.0,21900.0,39.0,25500000.0,277200.0,9167.0,0.0,5000000.0,5000000.0,61.0,whisperfillies,Erin Noyes,6871295815560102917
7236885066616442155,"{'avatarLarger': 'https://p16-pu-sign-useast8.tiktokcdn-us.com/tos-useast5-avt-0068-tx/5e0e73f4f78149651d5c70bb75e01636~c5_1080x1080.jpeg?lk3s=a5d48078&nonce=63985&refresh_token=26100444e4a07b3ab53e3090fc64c275&x-expires=1716663600&x-signature=%2FZl%2FtkZfrOCU4KtYF%2Bx%2FHO%2Ftbqc%3D&shp=a5d48078&shcp=b59d6b55', 'avatarMedium': 'https://p16-pu-sign-useast8.tiktokcdn-us.com/tos-useast5-avt-0068-tx/5e0e73f4f78149651d5c70bb75e01636~c5_720x720.jpeg?lk3s=a5d48078&nonce=2461&refresh_token=a7fba44502bf3786de934e46fb5bfac0&x-expires=1716663600&x-signature=LuWyDcTDgpa97GtXMg1blx3KGCA%3D&shp=a5d48078&shcp=b59d6b55', 'avatarThumb': 'https://p16-pu-sign-useast8.tiktokcdn-us.com/tos-useast5-avt-0068-tx/5e0e73f4f78149651d5c70bb75e01636~c5_100x100.jpeg?lk3s=a5d48078&nonce=59256&refresh_token=58a23ddd21956d4f6215ed53f3030b3d&x-expires=1716663600&x-signature=R%2BO%2FbQ%2F81ZWqqDT6nBxSzsEyILo%3D&shp=a5d48078&shcp=b59d6b55', 'commentSetting': 0, 'downloadSetting': 0, 'duetSetting': 0, 'ftc': False, 'id': '6780132839288849413', 'isADVirtual': False, 'isEmbedBanned': False, 'nickname': 'BordanJillings', 'openFavorite': False, 'privateAccount': False, 'relation': 0, 'secUid': 'MS4wLjABAAAAqLF16B2Yd96qgwPA-Ov5D7vtoBqt6du3o8eETaLJrue9ru1lx7kTi1TZQmJGlSuW', 'secret': False, 'signature': 'Someone send me an adultier adult plz', 'stitchSetting': 0, 'ttSeller': False, 'uniqueId': 'bordanjillings', 'verified': False}","{'diggCount': 108100, 'followerCount': 53500, 'followingCount': 2342, 'friendCount': 0, 'heart': 7400000, 'heartCount': 7400000, 'videoCount': 375}",1684968615,Best/worst purchase pf 2023 #readingchair #tanningchair #margs #fanfiction #booktok #readingvlog #fyp„Ç∑ #fyp #newchair #amazonmusthaves #amazonfinds ,False,"{'collectCount': 239400, 'commentCount': 15000, 'diggCount': 4700000, 'playCount': 25500000, 'shareCount': 384500}","{'collectCount': '239388', 'commentCount': '15027', 'diggCount': '4672670', 'playCount': '25466268', 'repostCount': '0', 'shareCount': '384548'}",239400.0,15000.0,108100.0,25500000.0,384500.0,53500.0,0.0,7400000.0,7400000.0,375.0,bordanjillings,BordanJillings,6780132839288849413
6975940059858046214,"{'avatarLarger': 'https://p16-sign-va.tiktokcdn.com/tos-maliva-avt-0068/c6a973ffc7b620207eb1d8a15b175bc1~c5_1080x1080.jpeg?lk3s=a5d48078&nonce=83152&refresh_token=2984e1903d5c37808c90ad733f4321b7&x-expires=1716663600&x-signature=cH7k3XFIAJPCQ9chksMgYkCVAO0%3D&shp=a5d48078&shcp=b59d6b55', 'avatarMedium': 'https://p16-sign-va.tiktokcdn.com/tos-maliva-avt-0068/c6a973ffc7b620207eb1d8a15b175bc1~c5_720x720.jpeg?lk3s=a5d48078&nonce=57119&refresh_token=137d4947355a48c424f426c9548412d4&x-expires=1716663600&x-signature=eCwBTzqZ1rBWQR7q%2BF5xGX2eCk8%3D&shp=a5d48078&shcp=b59d6b55', 'avatarThumb': 'https://p16-sign-va.tiktokcdn.com/tos-maliva-avt-0068/c6a973ffc7b620207eb1d8a15b175bc1~c5_100x100.jpeg?lk3s=a5d48078&nonce=32489&refresh_token=9dacfb7b6459c5f723da644a65f18811&x-expires=1716663600&x-signature=MOpIqbcBmucqQwa0czYLSSNnbxk%3D&shp=a5d48078&shcp=b59d6b55', 'commentSetting': 0, 'downloadSetting': 0, 'duetSetting': 0, 'ftc': False, 'id': '6778118587317404678', 'isADVirtual': False, 'isEmbedBanned': False, 'nickname': 'Luke', 'openFavorite': False, 'privateAccount': False, 'relation': 0, 'secUid': 'MS4wLjABAAAAqbYaZgX-yedcKYS8LzlHuRnjLsEKkVQLKxgkKGWX-wKi2TJBG8KRgBOFmImGlggL', 'secret': False, 'signature': 'Brand Enquiries - Elevation PR\nTikTok Shop - Influu\nLuke@elevationpr.co.uk', 'stitchSetting': 0, 'ttSeller': False, 'uniqueId': 'lopwert', 'verified': True}","{'diggCount': 4133, 'followerCount': 1100000, 'followingCount': 1979, 'friendCount': 0, 'heart': 33500000, 'heartCount': 33500000, 'videoCount': 2994}",1624212617,The smallest phone in the world! Thanks @amazon #zanco #smallestphone #hack #cap #lopwert #tiktokmademebuyit #amazonfinds #fyp #foryou #fyp„Ç∑,False,"{'collectCount': 124800, 'commentCount': 31900, 'diggCount': 4600000, 'playCount': 24300000, 'shareCount': 59700}","{'collectCount': '124787', 'commentCount': '31883', 'diggCount': '4601983', 'playCount': '24269233', 'repostCount': '0', 'shareCount': '59659'}",124800.0,31900.0,4133.0,24300000.0,59700.0,1100000.0,0.0,33500000.0,33500000.0,2994.0,lopwert,Luke,6778118587317404678
6813091851957046534,"{'avatarLarger': 'https://p16-pu-sign-useast8.tiktokcdn-us.com/tos-useast5-avt-0068-tx/7311124032513343530~c5_1080x1080.jpeg?lk3s=a5d48078&nonce=87076&refresh_token=3e34a97e0672a37fdfdcf9e0015b26e5&x-expires=1716663600&x-signature=ZXdACbyLMUjgTKvQ%2Fmw%2BJlImmhQ%3D&shp=a5d48078&shcp=b59d6b55', 'avatarMedium': 'https://p19-pu-sign-useast8.tiktokcdn-us.com/tos-useast5-avt-0068-tx/7311124032513343530~c5_720x720.jpeg?lk3s=a5d48078&nonce=39410&refresh_token=420e464e4036e014fd29f381939ce6a6&x-expires=1716663600&x-signature=jbf5GhM%2BSB5hUMpHmjfDBAvPqxo%3D&shp=a5d48078&shcp=b59d6b55', 'avatarThumb': 'https://p16-pu-sign-useast8.tiktokcdn-us.com/tos-useast5-avt-0068-tx/7311124032513343530~c5_100x100.jpeg?lk3s=a5d48078&nonce=34036&refresh_token=5f6b62c8704cc7ace0142a4eb51fb982&x-expires=1716663600&x-signature=%2FW1eM%2F8zD6Tz651oZqIaYo9pQ0Y%3D&shp=a5d48078&shcp=b59d6b55', 'commentSetting': 0, 'downloadSetting': 0, 'duetSetting': 0, 'ftc': False, 'id': '6758616609159414789', 'isADVirtual': False, 'isEmbedBanned': False, 'nickname': 'Layallure Skin Care/Makeup', 'openFavorite': False, 'privateAccount': False, 'relation': 0, 'secUid': 'MS4wLjABAAAAmhsUQJduLiinYV93d_1C9FF-ebZt2uMLvb6mwRyAVTEB00LDa71oQadcQ0EqHwzo', 'secret': False, 'signature': 'Product breakdown on INSTAGRAMüëáüèº\nESTHETICIAN\nlayallure@gmail.com', 'stitchSetting': 0, 'ttSeller': False, 'uniqueId': 'layallure', 'verified': False}","{'diggCount': 10100, 'followerCount': 4000000, 'followingCount': 466, 'friendCount': 0, 'heart': 84400000, 'heartCount': 84400000, 'videoCount': 263}",1586296564,#amazon #amazonfinds #shoppinghaul #fyp #car #freezeframe #levelup,False,"{'collectCount': 604200, 'commentCount': 12300, 'diggCount': 4600000, 'playCount': 22800000, 'shareCount': 422700}","{'collectCount': '604239', 'commentCount': '12328', 'diggCount': '4551712', 'playCount': '22839188', 'repostCount': '0', 'shareCount': '422737'}",604200.0,12300.0,10100.0,22800000.0,422700.0,4000000.0,0.0,84400000.0,84400000.0,263.0,layallure,Layallure Skin Care/Makeup,6758616609159414789
7143391067323387182,"{'avatarLarger': 'https://p16-sign-va.tiktokcdn.com/tos-maliva-avt-0068/7c2ef5a9540e682ead28b332b8ed4194~c5_1080x1080.jpeg?lk3s=a5d48078&nonce=44755&refresh_token=aae5d224a21ed9486b2c0d9f8e505649&x-expires=1716663600&x-signature=u0p6SQRPD1R79%2BSzOrmgbvZshhw%3D&shp=a5d48078&shcp=b59d6b55', 'avatarMedium': 'https://p16-sign-va.tiktokcdn.com/tos-maliva-avt-0068/7c2ef5a9540e682ead28b332b8ed4194~c5_720x720.jpeg?lk3s=a5d48078&nonce=15799&refresh_token=2484021fde6ade7c75aed0bdb52a7371&x-expires=1716663600&x-signature=U9Ar1DLxVKbZdoNxxveLn4QpEBk%3D&shp=a5d48078&shcp=b59d6b55', 'avatarThumb': 'https://p16-sign-va.tiktokcdn.com/tos-maliva-avt-0068/7c2ef5a9540e682ead28b332b8ed4194~c5_100x100.jpeg?lk3s=a5d48078&nonce=87055&refresh_token=8f0aa2cd61ba06d1e346a52e42702c71&x-expires=1716663600&x-signature=ZiRLAQpyWkCFtTN7ySbfhsqj7V4%3D&shp=a5d48078&shcp=b59d6b55', 'commentSetting': 0, 'downloadSetting': 3, 'duetSetting': 0, 'ftc': False, 'id': '7012431319159227398', 'isADVirtual': False, 'isEmbedBanned': False, 'nickname': 'junie', 'openFavorite': False, 'privateAccount': False, 'relation': 0, 'secUid': 'MS4wLjABAAAAFKiwamlNxvVGPFroeHuunuJXbiaXof4VDrqebbrNw8P7a-P6BJ_oyF8MTbfWEG72', 'secret': False, 'signature': 'home styling | routine | productivity\n+ some travel & wfh\n‚úâÔ∏è co.nalae@gmail.com', 'stitchSetting': 0, 'ttSeller': False, 'uniqueId': 'nalae.co', 'verified': False}","{'diggCount': 4965, 'followerCount': 437300, 'followingCount': 475, 'friendCount': 0, 'heart': 22200000, 'heartCount': 22200000, 'videoCount': 325}",1663200354,"Replying to @carolinaxantoni I swear the different ice cube shapes really make the drinking experience so much better üòÇ whether it be for cocktails, water bottles, coffee, you name it! üßä #icecubes #drinktok #coffeetiktok #cocktails #amazonfinds #amazonmusthaves #amazonfavorites ",False,"{'collectCount': 367700, 'commentCount': 13700, 'diggCount': 4400000, 'playCount': 31500000, 'shareCount': 74200}","{'collectCount': '367672', 'commentCount': '13681', 'diggCount': '4365428', 'playCount': '31454290', 'repostCount': '0', 'shareCount': '74187'}",367700.0,13700.0,4965.0,31500000.0,74200.0,437300.0,0.0,22200000.0,22200000.0,325.0,nalae.co,junie,7012431319159227398
6961907699927747845,"{'avatarLarger': 'https://p16-sign-va.tiktokcdn.com/tos-maliva-avt-0068/36759749e7abaccccbc877e14f254bf1~c5_1080x1080.jpeg?lk3s=a5d48078&nonce=85468&refresh_token=74ee6e5e71f06aaa74baa56fbcbf8ed0&x-expires=1716663600&x-signature=3%2FsM3Izrn9F4V11bAIJ7l3dcehQ%3D&shp=a5d48078&shcp=b59d6b55', 'avatarMedium': 'https://p16-sign-va.tiktokcdn.com/tos-maliva-avt-0068/36759749e7abaccccbc877e14f254bf1~c5_720x720.jpeg?lk3s=a5d48078&nonce=82757&refresh_token=da39bedb473e8b594b2baa54d12eb0d9&x-expires=1716663600&x-signature=KNTZrBhws86oDcI4Z%2BJGM5Wc%2FUo%3D&shp=a5d48078&shcp=b59d6b55', 'avatarThumb': 'https://p16-sign-va.tiktokcdn.com/tos-maliva-avt-0068/36759749e7abaccccbc877e14f254bf1~c5_100x100.jpeg?lk3s=a5d48078&nonce=19540&refresh_token=dbd436a708e4198fdd20d129e9f87045&x-expires=1716663600&x-signature=5gz6CMlpe8FVHEw4auLMPFtiYHA%3D&shp=a5d48078&shcp=b59d6b55', 'commentSetting': 0, 'downloadSetting': 0, 'duetSetting': 0, 'ftc': False, 'id': '6837674956211454982', 'isADVirtual': False, 'isEmbedBanned': False, 'nickname': 'Jared Andersen', 'openFavorite': False, 'privateAccount': False, 'relation': 0, 'secUid': 'MS4wLjABAAAAY8uhfOCbSzWHO3ih0eJ0Z_nHenk-DpLCirnBfsM010FAnJ42f5y9zyx6NbPx3UbP', 'secret': False, 'signature': 'Email ‚û°Ô∏èAaron@undercurrent.net', 'stitchSetting': 0, 'ttSeller': False, 'uniqueId': 'stuffyouactuallyneed', 'verified': False}","{'diggCount': 49000, 'followerCount': 1400000, 'followingCount': 1066, 'friendCount': 0, 'heart': 65400000, 'heartCount': 65400000, 'videoCount': 1129}",1620945455,link in my bio if you want one for Father‚Äôs Day! #MAKEYOURMOVE #SipIntoSummer #fyp #amazonfinds #amazonmusthaves #amazonfinds #tiktokmademebuyit,False,"{'collectCount': 108900, 'commentCount': 4714, 'diggCount': 4300000, 'playCount': 26700000, 'shareCount': 25900}","{'collectCount': '108890', 'commentCount': '4714', 'diggCount': '4307712', 'playCount': '26690048', 'repostCount': '0', 'shareCount': '25912'}",108900.0,4714.0,49000.0,26700000.0,25900.0,1400000.0,0.0,65400000.0,65400000.0,1129.0,stuffyouactuallyneed,Jared Andersen,6837674956211454982
7147698077808282923,"{'avatarLarger': 'https://p16-pu-sign-useast8.tiktokcdn-us.com/tos-useast8-avt-0068-tx2/7b65625eead3ae6f6a54a3053d6d8853~c5_1080x1080.jpeg?lk3s=a5d48078&nonce=26176&refresh_token=8e23cd56cc01e358f8d832c94e20fdb7&x-expires=1716663600&x-signature=EEYJCHW7xYCTDyY2vY25hZd57oA%3D&shp=a5d48078&shcp=b59d6b55', 'avatarMedium': 'https://p16-pu-sign-useast8.tiktokcdn-us.com/tos-useast8-avt-0068-tx2/7b65625eead3ae6f6a54a3053d6d8853~c5_720x720.jpeg?lk3s=a5d48078&nonce=23826&refresh_token=7672ece3c31986cac46da5caf1286768&x-expires=1716663600&x-signature=vxl4w5YlCHQHgmNfrCFwi8lo5kM%3D&shp=a5d48078&shcp=b59d6b55', 'avatarThumb': 'https://p16-pu-sign-useast8.tiktokcdn-us.com/tos-useast8-avt-0068-tx2/7b65625eead3ae6f6a54a3053d6d8853~c5_100x100.jpeg?lk3s=a5d48078&nonce=25654&refresh_token=ebb02a73915ab26ffe6de4b5d30c2393&x-expires=1716663600&x-signature=aaVFYnaIMUEtF7%2FjN0ibovD9j%2BY%3D&shp=a5d48078&shcp=b59d6b55', 'commentSetting': 0, 'downloadSetting': 0, 'duetSetting': 0, 'ftc': False, 'id': '6613189250459467782', 'isADVirtual': False, 'isEmbedBanned': False, 'nickname': 'Makeupbypita', 'openFavorite': False, 'privateAccount': False, 'relation': 0, 'secUid': 'MS4wLjABAAAAfVIei2-wu8cGt9IV1J2KUd6MIGdTMSXwuaxdNcxfK5s2zhh-iRlo4fnPn3K1xN2N', 'secret': False, 'signature': 'ATX‚Ä¢26‚Ä¢üíõüå∏üçì\nüíå- Makeupbypita@therolengroup.com', 'stitchSetting': 0, 'ttSeller': False, 'uniqueId': 'makeupbypita', 'verified': True}","{'diggCount': 46900, 'followerCount': 781700, 'followingCount': 147, 'friendCount': 0, 'heart': 22700000, 'heartCount': 22700000, 'videoCount': 620}",1664203169,Made bath time a little special for the boys ü´ßü§çüê§ #bathtime #momsoftiktok #momlife #mom #toddler #toddlermom #kidsoftiktok #kidsactivities #amazonfinds #amazonmusthaves #amazon ,False,"{'collectCount': 367800, 'commentCount': 25300, 'diggCount': 4300000, 'playCount': 37000000, 'shareCount': 118300}","{'collectCount': '367787', 'commentCount': '25262', 'diggCount': '4277540', 'playCount': '37044311', 'repostCount': '0', 'shareCount': '118286'}",367800.0,25300.0,46900.0,37000000.0,118300.0,781700.0,0.0,22700000.0,22700000.0,620.0,makeupbypita,Makeupbypita,6613189250459467782
7144832760090217771,"{'avatarLarger': 'https://p19-pu-sign-useast8.tiktokcdn-us.com/tos-useast5-avt-0068-tx/cfc738b4d4e52c59b4d76e5dd207b7d1~c5_1080x1080.jpeg?lk3s=a5d48078&nonce=53378&refresh_token=e2484250b379d6ae20586daab8f2db27&x-expires=1716663600&x-signature=7gxUEMhdXKP5FB7RgoRd3V3n3Us%3D&shp=a5d48078&shcp=b59d6b55', 'avatarMedium': 'https://p16-pu-sign-useast8.tiktokcdn-us.com/tos-useast5-avt-0068-tx/cfc738b4d4e52c59b4d76e5dd207b7d1~c5_720x720.jpeg?lk3s=a5d48078&nonce=91651&refresh_token=39b3a0606dadd243dab75d3a0a2fb49b&x-expires=1716663600&x-signature=Q2iUOk7NTUhTB1nVz%2FTwTRmdKtY%3D&shp=a5d48078&shcp=b59d6b55', 'avatarThumb': 'https://p19-pu-sign-useast8.tiktokcdn-us.com/tos-useast5-avt-0068-tx/cfc738b4d4e52c59b4d76e5dd207b7d1~c5_100x100.jpeg?lk3s=a5d48078&nonce=70535&refresh_token=9402ea0bd7f7b6c5f51f3e00cf4b6311&x-expires=1716663600&x-signature=%2BcDrdoJQDNPsx4NjOGqUYQr5bSk%3D&shp=a5d48078&shcp=b59d6b55', 'commentSetting': 0, 'downloadSetting': 0, 'duetSetting': 0, 'ftc': False, 'id': '6758874926255440901', 'isADVirtual': False, 'isEmbedBanned': False, 'nickname': 'Gabriela Campos', 'openFavorite': False, 'privateAccount': False, 'relation': 0, 'secUid': 'MS4wLjABAAAA-pNMgFlyXIlRb9A5mJUcs3LkrG1BpBy0c3jQQpj81Gt2qhT0_lS6i8sgu6nJl2Bm', 'secret': False, 'signature': 'Mom of 2 | 24\ngabriela@palettemgmt.com', 'stitchSetting': 0, 'ttSeller': False, 'uniqueId': 'gabriela.vlogs', 'verified': False}","{'diggCount': 23000, 'followerCount': 438100, 'followingCount': 90, 'friendCount': 0, 'heart': 21400000, 'heartCount': 21400000, 'videoCount': 388}",1663536023,newborn night routine üë∂üèªü§çü´ß‚òÅÔ∏èüß∏ #nightroutine #newborn #newbornbaby #babyfever #babyroutine #bathtime #bathtimeroutine #newbornbath #bedtimeroutine #bedtime #cutebaby #fyp #newbornbabies #babygirl #babyproducts #amazonfinds #babylove ,False,"{'collectCount': 703300, 'commentCount': 49500, 'diggCount': 8300000, 'playCount': 46800000, 'shareCount': 162900}","{'collectCount': '703296', 'commentCount': '49463', 'diggCount': '8338969', 'playCount': '46772770', 'repostCount': '0', 'shareCount': '162918'}",703300.0,49500.0,23000.0,46800000.0,162900.0,438100.0,0.0,21400000.0,21400000.0,388.0,gabriela.vlogs,Gabriela Campos,6758874926255440901
6899609374478601474,"{'avatarLarger': 'https://p16-sign-va.tiktokcdn.com/tos-maliva-avt-0068/7313294493065674758~c5_1080x1080.jpeg?lk3s=a5d48078&nonce=73298&refresh_token=3cef0f3da7ab715610b035d02cfecdff&x-expires=1716663600&x-signature=lh08nUBMfWh7gWj9UbfubdI%2BqOA%3D&shp=a5d48078&shcp=b59d6b55', 'avatarMedium': 'https://p16-sign-va.tiktokcdn.com/tos-maliva-avt-0068/7313294493065674758~c5_720x720.jpeg?lk3s=a5d48078&nonce=97532&refresh_token=7c839978209ceeb7fb9eb0cb1cfdfffa&x-expires=1716663600&x-signature=5%2BBQAOqN6SDMud2WE%2FwqUZ0EUDw%3D&shp=a5d48078&shcp=b59d6b55', 'avatarThumb': 'https://p16-sign-va.tiktokcdn.com/tos-maliva-avt-0068/7313294493065674758~c5_100x100.jpeg?lk3s=a5d48078&nonce=89886&refresh_token=7f764fa3c9be67d9cf1ef735c54342e8&x-expires=1716663600&x-signature=yBjaHZ8lqpJNrhlbhH2Mq0zl3%2Fg%3D&shp=a5d48078&shcp=b59d6b55', 'commentSetting': 0, 'downloadSetting': 0, 'duetSetting': 0, 'ftc': False, 'id': '6795608523021632517', 'isADVirtual': False, 'isEmbedBanned': False, 'nickname': 'Mik Zenon', 'openFavorite': False, 'privateAccount': False, 'relation': 0, 'secUid': 'MS4wLjABAAAAwiC107UyUoXxq3nlWpwqsPWtii-oAAapFkrbA7REaDBxwh7UlHvmBBUsxkCjGHTY', 'secret': False, 'signature': 'Favorite Finds üéÅ \nLife Hacks + Giveaways üéâ\nAll Links Belowüëáor on my IG‚òùÔ∏è', 'stitchSetting': 0, 'ttSeller': False, 'uniqueId': 'mik.zenon', 'verified': False}","{'diggCount': 3507, 'followerCount': 3500000, 'followingCount': 63, 'friendCount': 0, 'heart': 159900000, 'heartCount': 159900000, 'videoCount': 1197}",1606440495,PT. 131 of 365. Link in BIO. No more blindspots üôÇüôå #amazonfinds #amazon #cars #fyp,False,"{'collectCount': 542600, 'commentCount': 11700, 'diggCount': 4000000, 'playCount': 20700000, 'shareCount': 194900}","{'collectCount': '542569', 'commentCount': '11736', 'diggCount': '4037056', 'playCount': '20673528', 'repostCount': '0', 'shareCount': '194918'}",542600.0,11700.0,3507.0,20700000.0,194900.0,3500000.0,0.0,159900000.0,159900000.0,1197.0,mik.zenon,Mik Zenon,6795608523021632517
7064010203603356975,"{'avatarLarger': 'https://p19-pu-sign-useast8.tiktokcdn-us.com/tos-useast5-avt-0068-tx/091ead9de8d6d963cfc3d2e681cc2c35~c5_1080x1080.jpeg?lk3s=a5d48078&nonce=43587&refresh_token=59b44821795dc9d27361f65291717b86&x-expires=1716663600&x-signature=AJqB2%2F6INczuNQS5g8R7JVk4kpU%3D&shp=a5d48078&shcp=b59d6b55', 'avatarMedium': 'https://p19-pu-sign-useast8.tiktokcdn-us.com/tos-useast5-avt-0068-tx/091ead9de8d6d963cfc3d2e681cc2c35~c5_720x720.jpeg?lk3s=a5d48078&nonce=73528&refresh_token=318ae568767a083f3b20b551d9797071&x-expires=1716663600&x-signature=53NGROKsNysKwpAadKuI3RE0W9g%3D&shp=a5d48078&shcp=b59d6b55', 'avatarThumb': 'https://p16-pu-sign-useast8.tiktokcdn-us.com/tos-useast5-avt-0068-tx/091ead9de8d6d963cfc3d2e681cc2c35~c5_100x100.jpeg?lk3s=a5d48078&nonce=94005&refresh_token=d7376fea06f29f62f2cd4a7f8e5bd87f&x-expires=1716663600&x-signature=x5AASV17tOy77RvWZtVeyofR6%2FE%3D&shp=a5d48078&shcp=b59d6b55', 'commentSetting': 0, 'downloadSetting': 3, 'duetSetting': 0, 'ftc': False, 'id': '55842125203939328', 'isADVirtual': False, 'isEmbedBanned': False, 'nickname': 'Heart Defensor', 'openFavorite': False, 'privateAccount': False, 'relation': 0, 'secUid': 'MS4wLjABAAAAoHW0csbFdky3TBHUf8dgOJyn7P-IzwCpIXf7KKbiVYkWQs5s23F4-AhWnQ9wzJH9', 'secret': False, 'signature': 'i just rly love unboxing things ü•≤\nüì´: heartdefensor@select.co', 'stitchSetting': 0, 'ttSeller': False, 'uniqueId': 'heartdefensor', 'verified': True}","{'diggCount': 63600, 'followerCount': 4400000, 'followingCount': 20, 'friendCount': 0, 'heart': 205400000, 'heartCount': 205400000, 'videoCount': 630}",1644718043,$32 portable ice ball maker from amazon üò© would you buy it? #amazonfinds #amazonmusthaves #tiktokmademebuyit #tiktokmademedoit,False,"{'collectCount': 225500, 'commentCount': 15800, 'diggCount': 3900000, 'playCount': 43600000, 'shareCount': 84200}","{'collectCount': '225473', 'commentCount': '15848', 'diggCount': '3891487', 'playCount': '43619759', 'repostCount': '0', 'shareCount': '84197'}",225500.0,15800.0,63600.0,43600000.0,84200.0,4400000.0,0.0,205400000.0,205400000.0,630.0,heartdefensor,Heart Defensor,55842125203939328
7178967057709550849,"{'avatarLarger': 'https://p77-sign-sg.tiktokcdn.com/aweme/1080x1080/tos-alisg-avt-0068/8205419efcae215a03ddd432b6530427.jpeg?lk3s=a5d48078&nonce=49119&refresh_token=2d96812687f16f1f23646091e023ccfb&x-expires=1716663600&x-signature=%2BOWVqPcxtCFgmz4RswGpLwkYipQ%3D&shp=a5d48078&shcp=b59d6b55', 'avatarMedium': 'https://p16-sign-sg.tiktokcdn.com/aweme/720x720/tos-alisg-avt-0068/8205419efcae215a03ddd432b6530427.jpeg?lk3s=a5d48078&nonce=15094&refresh_token=484fbbb6035664f76ddb3ae9817d6938&x-expires=1716663600&x-signature=nET9nfV8n0lU8L%2BEDAfo8eBv%2Bc0%3D&shp=a5d48078&shcp=b59d6b55', 'avatarThumb': 'https://p16-sign-sg.tiktokcdn.com/aweme/100x100/tos-alisg-avt-0068/8205419efcae215a03ddd432b6530427.jpeg?lk3s=a5d48078&nonce=14883&refresh_token=2514f9376bbc252ffcb16f77db7d8bec&x-expires=1716663600&x-signature=VXUyXaIarzFWgokR8p2JD%2BpIWyM%3D&shp=a5d48078&shcp=b59d6b55', 'commentSetting': 0, 'downloadSetting': 0, 'duetSetting': 0, 'ftc': False, 'id': '7044990421244462082', 'isADVirtual': False, 'isEmbedBanned': False, 'nickname': 'Daniel.P', 'openFavorite': False, 'privateAccount': False, 'relation': 0, 'secUid': 'MS4wLjABAAAAO0EVYhVdVSso4SP89qyrV75bziObtACvO0QbVGgzYhz7_DEO51zjEKaNkkWPZSNS', 'secret': False, 'signature': 'üáπüá≠üá®üá≥\nin uk\ndanielp@puk-media.co.uk\nIG: kunchaaii', 'stitchSetting': 0, 'ttSeller': False, 'uniqueId': 'kunchaaiii', 'verified': False}","{'diggCount': 6154, 'followerCount': 80900, 'followingCount': 46, 'friendCount': 0, 'heart': 5200000, 'heartCount': 5200000, 'videoCount': 20}",1671483541,Cleaning the air fryer was too long üò™ #fyp #foryou #viral #trending #tiktokmademebuyit #lifehack #airfryer #amazonfinds ,False,"{'collectCount': 224900, 'commentCount': 7194, 'diggCount': 3900000, 'playCount': 30600000, 'shareCount': 245700}","{'collectCount': '224930', 'commentCount': '7194', 'diggCount': '3860530', 'playCount': '30586861', 'repostCount': '0', 'shareCount': '245655'}",224900.0,7194.0,6154.0,30600000.0,245700.0,80900.0,0.0,5200000.0,5200000.0,20.0,kunchaaiii,Daniel.P,7044990421244462082
7350801361019096362,"{'avatarLarger': 'https://p16-pu-sign-useast8.tiktokcdn-us.com/tos-useast5-avt-0068-tx/41ccc90bdebdd7200179649466ab32b4~c5_1080x1080.jpeg?lk3s=a5d48078&nonce=98603&refresh_token=d4e4fc22c34af9c4b2630d5971493597&x-expires=1716663600&x-signature=T%2FCXAgPAvPQt9xK%2FssJmodkLfh0%3D&shp=a5d48078&shcp=b59d6b55', 'avatarMedium': 'https://p16-pu-sign-useast8.tiktokcdn-us.com/tos-useast5-avt-0068-tx/41ccc90bdebdd7200179649466ab32b4~c5_720x720.jpeg?lk3s=a5d48078&nonce=79879&refresh_token=66e89586f4dac6498c7855eda499a8e8&x-expires=1716663600&x-signature=WDviZRrXdWj5QGvSKJZUXFrXfdE%3D&shp=a5d48078&shcp=b59d6b55', 'avatarThumb': 'https://p16-pu-sign-useast8.tiktokcdn-us.com/tos-useast5-avt-0068-tx/41ccc90bdebdd7200179649466ab32b4~c5_100x100.jpeg?lk3s=a5d48078&nonce=31199&refresh_token=96f21fc1fec1341fd190859999088ee6&x-expires=1716663600&x-signature=hI0igxDOTrYClyNG6aC1BnrDMDc%3D&shp=a5d48078&shcp=b59d6b55', 'commentSetting': 0, 'downloadSetting': 0, 'duetSetting': 0, 'ftc': False, 'id': '6767202949456544774', 'isADVirtual': False, 'isEmbedBanned': False, 'nickname': 'ùêÇùêãùêÄùêî ùêÜùêéùêçùêôùêÄùêãùêÑùêô', 'openFavorite': False, 'privateAccount': False, 'relation': 0, 'secUid': 'MS4wLjABAAAAd0t3eiWjpYxyZnrKNEqSikHMRPPvlPG-mvGUwhQwg3WlIWwYPqPUImQ4pIjBgufp', 'secret': False, 'signature': 'üì©clau@lucenamgmt.com \nüëáüèªMIS FAVORITOS DE ùêÄùêåùêÄùêôùêéùêçüëáüèª', 'stitchSetting': 0, 'ttSeller': False, 'uniqueId': 'claugonzalez_official', 'verified': False}","{'diggCount': 586, 'followerCount': 1100000, 'followingCount': 158, 'friendCount': 0, 'heart': 20600000, 'heartCount': 20600000, 'videoCount': 354}",1711491837,Seguire leyendo sus ideas y recomendaciones üôåüèª #deliverydriver #amazon #amazonfinds #ideas ,False,"{'collectCount': 128900, 'commentCount': 14700, 'diggCount': 3800000, 'playCount': 46300000, 'shareCount': 21600}","{'collectCount': '128881', 'commentCount': '14682', 'diggCount': '3846341', 'playCount': '46340688', 'repostCount': '0', 'shareCount': '21590'}",128900.0,14700.0,586.0,46300000.0,21600.0,1100000.0,0.0,20600000.0,20600000.0,354.0,claugonzalez_official,ùêÇùêãùêÄùêî ùêÜùêéùêçùêôùêÄùêãùêÑùêô,6767202949456544774
6860299083349806341,"{'avatarLarger': 'https://p19-pu-sign-useast8.tiktokcdn-us.com/tos-useast5-avt-0068-tx/091ead9de8d6d963cfc3d2e681cc2c35~c5_1080x1080.jpeg?lk3s=a5d48078&nonce=43587&refresh_token=59b44821795dc9d27361f65291717b86&x-expires=1716663600&x-signature=AJqB2%2F6INczuNQS5g8R7JVk4kpU%3D&shp=a5d48078&shcp=b59d6b55', 'avatarMedium': 'https://p19-pu-sign-useast8.tiktokcdn-us.com/tos-useast5-avt-0068-tx/091ead9de8d6d963cfc3d2e681cc2c35~c5_720x720.jpeg?lk3s=a5d48078&nonce=73528&refresh_token=318ae568767a083f3b20b551d9797071&x-expires=1716663600&x-signature=53NGROKsNysKwpAadKuI3RE0W9g%3D&shp=a5d48078&shcp=b59d6b55', 'avatarThumb': 'https://p16-pu-sign-useast8.tiktokcdn-us.com/tos-useast5-avt-0068-tx/091ead9de8d6d963cfc3d2e681cc2c35~c5_100x100.jpeg?lk3s=a5d48078&nonce=94005&refresh_token=d7376fea06f29f62f2cd4a7f8e5bd87f&x-expires=1716663600&x-signature=x5AASV17tOy77RvWZtVeyofR6%2FE%3D&shp=a5d48078&shcp=b59d6b55', 'commentSetting': 0, 'downloadSetting': 3, 'duetSetting': 0, 'ftc': False, 'id': '55842125203939328', 'isADVirtual': False, 'isEmbedBanned': False, 'nickname': 'Heart Defensor', 'openFavorite': False, 'privateAccount': False, 'relation': 0, 'secUid': 'MS4wLjABAAAAoHW0csbFdky3TBHUf8dgOJyn7P-IzwCpIXf7KKbiVYkWQs5s23F4-AhWnQ9wzJH9', 'secret': False, 'signature': 'i just rly love unboxing things ü•≤\nüì´: heartdefensor@select.co', 'stitchSetting': 0, 'ttSeller': False, 'uniqueId': 'heartdefensor', 'verified': True}","{'diggCount': 63600, 'followerCount': 4400000, 'followingCount': 20, 'friendCount': 0, 'heart': 205400000, 'heartCount': 205400000, 'videoCount': 630}",1597287859,Imagine using this during a text msg argument üòè phone keyboard from amazon #tiktokmademebuyit #tiktokmademedoit #amazonfinds #amazonmusthaves #fyp,False,"{'collectCount': 277100, 'commentCount': 28700, 'diggCount': 3800000, 'playCount': 27500000, 'shareCount': 63500}","{'collectCount': '277079', 'commentCount': '28719', 'diggCount': '3820155', 'playCount': '27511477', 'repostCount': '0', 'shareCount': '63521'}",277100.0,28700.0,63600.0,27500000.0,63500.0,4400000.0,0.0,205400000.0,205400000.0,630.0,heartdefensor,Heart Defensor,55842125203939328
7049930660726983983,"{'avatarLarger': 'https://p16-sign.tiktokcdn-us.com/tos-useast5-avt-0068-tx/9dca2e5208812014beb09311a2b20ff7~c5_1080x1080.jpeg?lk3s=a5d48078&nonce=11346&refresh_token=1a3d2fca4d68d3b4d568c7d69ebbef3a&x-expires=1716663600&x-signature=fyU77FeG0F8Vl1J9kp2Uq%2BMKVpw%3D&shp=a5d48078&shcp=b59d6b55', 'avatarMedium': 'https://p16-sign.tiktokcdn-us.com/tos-useast5-avt-0068-tx/9dca2e5208812014beb09311a2b20ff7~c5_720x720.jpeg?lk3s=a5d48078&nonce=17642&refresh_token=e8884bd6157063be852d9ab7c11f8dda&x-expires=1716663600&x-signature=wKs0JqxEYR5XBDXXL3UEHoSUAjU%3D&shp=a5d48078&shcp=b59d6b55', 'avatarThumb': 'https://p19-sign.tiktokcdn-us.com/tos-useast5-avt-0068-tx/9dca2e5208812014beb09311a2b20ff7~c5_100x100.jpeg?lk3s=a5d48078&nonce=36219&refresh_token=0ee3d4111bf51adced40b4b76493046d&x-expires=1716663600&x-signature=abhly%2FlbkUsHMBorLBpmAacaGwo%3D&shp=a5d48078&shcp=b59d6b55', 'commentSetting': 0, 'downloadSetting': 3, 'duetSetting': 0, 'ftc': False, 'id': '6840098294635545606', 'isADVirtual': False, 'isEmbedBanned': False, 'nickname': 'Simply Sal Finds | Sal Farzin', 'openFavorite': False, 'privateAccount': False, 'relation': 0, 'secUid': 'MS4wLjABAAAA2dX3jfTtDGIqev7u6w3MjQlkwIYU7GAsxfW4bDGbQmv0tLxYOPFFiUY5J8qjmFf3', 'secret': False, 'signature': 'Online Finds & Deals üéâ\nBiz: aaron@undercurrent.net\nShopping Linksüëáor IGüëÜ', 'stitchSetting': 0, 'ttSeller': False, 'uniqueId': 'simplysalfinds', 'verified': False}","{'diggCount': 1830, 'followerCount': 3100000, 'followingCount': 54, 'friendCount': 0, 'heart': 106100000, 'heartCount': 106100000, 'videoCount': 1288}",1641439895,Cap or Slap? Part 17 of 100 #salfinds #amazonfinds #amazontiktok #shower #amazonhome #showertok #bathroom,False,"{'collectCount': 163900, 'commentCount': 5464, 'diggCount': 3700000, 'playCount': 25300000, 'shareCount': 71600}","{'collectCount': '163944', 'commentCount': '5464', 'diggCount': '3693000', 'playCount': '25254916', 'repostCount': '0', 'shareCount': '71599'}",163900.0,5464.0,1830.0,25300000.0,71600.0,3100000.0,0.0,106100000.0,106100000.0,1288.0,simplysalfinds,Simply Sal Finds | Sal Farzin,6840098294635545606
7203167401305754886,"{'avatarLarger': 'https://p16-sign-va.tiktokcdn.com/tos-maliva-avt-0068/1b838ac03997d2613a28c94f512266b0~c5_1080x1080.jpeg?lk3s=a5d48078&nonce=32611&refresh_token=5a863554fb7fcd26221d6640d735784c&x-expires=1716663600&x-signature=KwB7LtG25w%2BA9hy4jUBSnU%2BLl5U%3D&shp=a5d48078&shcp=b59d6b55', 'avatarMedium': 'https://p16-sign-va.tiktokcdn.com/tos-maliva-avt-0068/1b838ac03997d2613a28c94f512266b0~c5_720x720.jpeg?lk3s=a5d48078&nonce=96397&refresh_token=0f0cf50a288f98d4c75276802cd498b3&x-expires=1716663600&x-signature=tUV6XRp6MwWg59UCvcnD4%2BNaXj0%3D&shp=a5d48078&shcp=b59d6b55', 'avatarThumb': 'https://p16-sign-va.tiktokcdn.com/tos-maliva-avt-0068/1b838ac03997d2613a28c94f512266b0~c5_100x100.jpeg?lk3s=a5d48078&nonce=73900&refresh_token=0fe6ed33a8f3219aadd9ebfa91e87a22&x-expires=1716663600&x-signature=%2BafKWmxOzNrIjYzrv2FbYdFkz3Q%3D&shp=a5d48078&shcp=b59d6b55', 'commentSetting': 0, 'downloadSetting': 0, 'duetSetting': 0, 'ftc': False, 'id': '7049802636183258117', 'isADVirtual': False, 'isEmbedBanned': False, 'nickname': 'JaBent', 'openFavorite': False, 'privateAccount': False, 'relation': 0, 'secUid': 'MS4wLjABAAAAe4sCLhKJhbPNbIjHrgPBo_szz7K32vM1-LApPAdFMEHB4BxqfvBFhxVBbeHx28mF', 'secret': False, 'signature': 'Mouth breathing my way to fame \nInsta @itsleronjames\nItsjabent@gmail.com ‚úâÔ∏è', 'stitchSetting': 0, 'ttSeller': False, 'uniqueId': 'its_jabent', 'verified': False}","{'diggCount': 2528, 'followerCount': 44800, 'followingCount': 476, 'friendCount': 0, 'heart': 4500000, 'heartCount': 4500000, 'videoCount': 230}",1677118108,Heating pad is 11/10 tuna treatZzzz #catsoftiktok #amazonfinds #fyp„Ç∑„Çöviral #foryou ,False,"{'collectCount': 216400, 'commentCount': 16100, 'diggCount': 3700000, 'playCount': 15200000, 'shareCount': 712900}","{'collectCount': '216417', 'commentCount': '16088', 'diggCount': '3685593', 'playCount': '15167010', 'repostCount': '0', 'shareCount': '712870'}",216400.0,16100.0,2528.0,15200000.0,712900.0,44800.0,0.0,4500000.0,4500000.0,230.0,its_jabent,JaBent,7049802636183258117
7027448660333956357,"{'avatarLarger': 'https://p16-sign-va.tiktokcdn.com/tos-maliva-avt-0068/f8b1488df89c15eaf949ef1c114e5039~c5_1080x1080.jpeg?lk3s=a5d48078&nonce=45982&refresh_token=da75da148962117ef44ccd51817a74f9&x-expires=1716663600&x-signature=kLgD8uqebsTw%2FL4X8UAxVIAgGCE%3D&shp=a5d48078&shcp=b59d6b55', 'avatarMedium': 'https://p77-sign-va.tiktokcdn.com/tos-maliva-avt-0068/f8b1488df89c15eaf949ef1c114e5039~c5_720x720.jpeg?lk3s=a5d48078&nonce=63760&refresh_token=0f2ba4d4fc8ff2db598a45eefb10662d&x-expires=1716663600&x-signature=zvFErKAcbNMUyOpDY0o8CfB6V0k%3D&shp=a5d48078&shcp=b59d6b55', 'avatarThumb': 'https://p16-sign-va.tiktokcdn.com/tos-maliva-avt-0068/f8b1488df89c15eaf949ef1c114e5039~c5_100x100.jpeg?lk3s=a5d48078&nonce=70062&refresh_token=bb9ed422bf60f94643f853b9640832ca&x-expires=1716663600&x-signature=pwoWwfAL%2B4MxfvHYp3ipwDPc%2BpE%3D&shp=a5d48078&shcp=b59d6b55', 'commentSetting': 0, 'downloadSetting': 0, 'duetSetting': 0, 'ftc': False, 'id': '7007759210454090758', 'isADVirtual': False, 'isEmbedBanned': False, 'nickname': 'LilMi_and_friends', 'openFavorite': False, 'privateAccount': False, 'relation': 0, 'secUid': 'MS4wLjABAAAAFfaVFGG1Z3ZTpncx6gytz-J9ktO2oi2oAYsqMGhzTng6kPHNvtdpxG3hkd2OqiB9', 'secret': False, 'signature': 'üíïfollow me for cats clips edits\nüí™support animal rescue\n‚¨áÔ∏ècheck out for details', 'stitchSetting': 0, 'ttSeller': False, 'uniqueId': 'garrisonmeek', 'verified': False}","{'diggCount': 687, 'followerCount': 139000, 'followingCount': 67, 'friendCount': 0, 'heart': 8400000, 'heartCount': 8400000, 'videoCount': 90}",1636205396,#cat #fyp #satisfying #amazonfinds #amazonmusthaves,False,"{'collectCount': 139300, 'commentCount': 21000, 'diggCount': 3600000, 'playCount': 27000000, 'shareCount': 134500}","{'collectCount': '139341', 'commentCount': '21021', 'diggCount': '3610512', 'playCount': '27036064', 'repostCount': '0', 'shareCount': '134542'}",139300.0,21000.0,687.0,27000000.0,134500.0,139000.0,0.0,8400000.0,8400000.0,90.0,garrisonmeek,LilMi_and_friends,7007759210454090758
7228957130441755931,"{'avatarLarger': 'https://p77-sign-va.tiktokcdn.com/tos-maliva-avt-0068/2cce5c25beecf8de6b1e3bc337af8b9a~c5_1080x1080.jpeg?lk3s=a5d48078&nonce=68278&refresh_token=af77388c93e06015a83ade5e0dce6967&x-expires=1716663600&x-signature=yjBCd5T2DY1T9gpNtDXWsJvCZlQ%3D&shp=a5d48078&shcp=b59d6b55', 'avatarMedium': 'https://p77-sign-va.tiktokcdn.com/tos-maliva-avt-0068/2cce5c25beecf8de6b1e3bc337af8b9a~c5_720x720.jpeg?lk3s=a5d48078&nonce=9152&refresh_token=6dc262a08d95b8b5f61aec15c149d6bd&x-expires=1716663600&x-signature=fOcWJVi%2F2k5CO2FPgZctFCimvCc%3D&shp=a5d48078&shcp=b59d6b55', 'avatarThumb': 'https://p77-sign-va.tiktokcdn.com/tos-maliva-avt-0068/2cce5c25beecf8de6b1e3bc337af8b9a~c5_100x100.jpeg?lk3s=a5d48078&nonce=33092&refresh_token=25d0e82558be6e2eeff0c7ad07112f4f&x-expires=1716663600&x-signature=3kdGRZBAz5Kwe4Tte3qdmWHVpdA%3D&shp=a5d48078&shcp=b59d6b55', 'commentSetting': 0, 'downloadSetting': 0, 'duetSetting': 0, 'ftc': False, 'id': '7158179080642200581', 'isADVirtual': False, 'isEmbedBanned': False, 'nickname': 'Herios', 'openFavorite': False, 'privateAccount': False, 'relation': 0, 'secUid': 'MS4wLjABAAAAN56IAd-6Mz8jxtgkuDjTRQgD03Wjx1tkE7t__CjayOgR_9e6jHoLqIPDB65TBevn', 'secret': False, 'signature': 'üá¨üáßUK ONLYüá¨üáß\nüåêHerios is ‚Ññ1 foam cleaning solutionüåê\n‚¨áÔ∏èFOAM DRAIN CLEANER‚¨áÔ∏è', 'stitchSetting': 0, 'ttSeller': True, 'uniqueId': 'herios.co.uk', 'verified': False}","{'diggCount': 287, 'followerCount': 99000, 'followingCount': 1, 'friendCount': 0, 'heart': 8900000, 'heartCount': 8900000, 'videoCount': 60}",1683122749,"Seconf time cleaning the sink, Crystal Cleanü¶† #satisfying #cleaning #homemusthave #amazonfinds #hadtobuythem #homeimprovement #herios #draincleaning #gadgets ",False,"{'collectCount': 139200, 'commentCount': 3265, 'diggCount': 3500000, 'playCount': 43500000, 'shareCount': 39200}","{'collectCount': '139229', 'commentCount': '3265', 'diggCount': '3538477', 'playCount': '43487972', 'repostCount': '0', 'shareCount': '39186'}",139200.0,3265.0,287.0,43500000.0,39200.0,99000.0,0.0,8900000.0,8900000.0,60.0,herios.co.uk,Herios,7158179080642200581
7286126097421405483,"{'avatarLarger': 'https://p16-pu-sign-useast8.tiktokcdn-us.com/tos-useast5-avt-0068-tx/7337202921664151594~c5_1080x1080.jpeg?lk3s=a5d48078&nonce=45831&refresh_token=0019f930ec7d1bc272eb915f2e0aabd2&x-expires=1716663600&x-signature=ZupDSxH2lSDU3bf%2F8nHGpC3fFkw%3D&shp=a5d48078&shcp=b59d6b55', 'avatarMedium': 'https://p16-pu-sign-useast8.tiktokcdn-us.com/tos-useast5-avt-0068-tx/7337202921664151594~c5_720x720.jpeg?lk3s=a5d48078&nonce=64933&refresh_token=ad8e2ff2533b3ad776f48a656f9e9bfb&x-expires=1716663600&x-signature=XGpE2Ul%2BLqwuEFQW%2BWEa78kxnLI%3D&shp=a5d48078&shcp=b59d6b55', 'avatarThumb': 'https://p19-pu-sign-useast8.tiktokcdn-us.com/tos-useast5-avt-0068-tx/7337202921664151594~c5_100x100.jpeg?lk3s=a5d48078&nonce=60970&refresh_token=c5272f6af8e69bdd59a4767b6bba4fc6&x-expires=1716663600&x-signature=XQ7RRLqT7JrPBDrpcgzBMY5Tvrw%3D&shp=a5d48078&shcp=b59d6b55', 'commentSetting': 0, 'downloadSetting': 0, 'duetSetting': 0, 'ftc': False, 'id': '6810868298629071877', 'isADVirtual': False, 'isEmbedBanned': False, 'nickname': 'Glenda', 'openFavorite': False, 'privateAccount': False, 'relation': 0, 'secUid': 'MS4wLjABAAAAcuqUZztNNMYcOT0oT7TyO2y07CQzoWAh3pVT1vZIZc646UBWIWNOhec6RoKSDp8p', 'secret': False, 'signature': 'lifestyle | amazon | home\n‚úâÔ∏è glenxda@talent.neoreach.com\n‚Üì LINKS ‚Üì', 'stitchSetting': 0, 'ttSeller': False, 'uniqueId': 'glenxda', 'verified': False}","{'diggCount': 1177, 'followerCount': 400100, 'followingCount': 139, 'friendCount': 0, 'heart': 18400000, 'heartCount': 18400000, 'videoCount': 187}",1696433451,Space Themed Bath Time AsmrüëΩüë©üèª‚ÄçüöÄüöÄüõ∏üåçü™ê I had too much fun doing this for my baby. Can‚Äôt wait to do special baths more often when she‚Äôs a bit older ‚ò∫Ô∏è *Everything is linked in my storefront* #bathtime #bathtimeroutine #themedbathideas #bathtimeideas #babytoys #kidstoys #space #spacetok #fyp #foryou #foryoupage #babyroutine #amazonfinds #amazonmusthaves #amazonfavorites #amazonbabyfinds #amazon #momlife #momsoftiktok #asmrvideo ,False,"{'collectCount': 330200, 'commentCount': 12200, 'diggCount': 3500000, 'playCount': 46100000, 'shareCount': 154700}","{'collectCount': '330222', 'commentCount': '12182', 'diggCount': '3514825', 'playCount': '46134709', 'repostCount': '0', 'shareCount': '154692'}",330200.0,12200.0,1177.0,46100000.0,154700.0,400100.0,0.0,18400000.0,18400000.0,187.0,glenxda,Glenda,6810868298629071877
