id,author,createTime,desc,isAd,stats,statsV2,collectCount,commentCount,diggCount,playCount,shareCount,uniqueId,nickname,authorId
7368864661556530438,"{'avatarLarger': 'https://p16-sign-va.tiktokcdn.com/tos-maliva-avt-0068/5a8bae33b06523b66547e64d11a27155~c5_1080x1080.jpeg?lk3s=a5d48078&nonce=95839&refresh_token=699f2b0614ba5f07f54af4db720bffe8&x-expires=1717869600&x-signature=%2Blt6AEItdvnLc%2FvPZWwlbXpLHEI%3D&shp=a5d48078&shcp=81f88b70', 'avatarMedium': 'https://p16-sign-va.tiktokcdn.com/tos-maliva-avt-0068/5a8bae33b06523b66547e64d11a27155~c5_720x720.jpeg?lk3s=a5d48078&nonce=94268&refresh_token=881e44a0e6f955bc885f942b3e3e43ee&x-expires=1717869600&x-signature=xExbDIhYlqiMAz1jeNwF7%2BES8uc%3D&shp=a5d48078&shcp=81f88b70', 'avatarThumb': 'https://p16-sign-va.tiktokcdn.com/tos-maliva-avt-0068/5a8bae33b06523b66547e64d11a27155~c5_100x100.jpeg?lk3s=a5d48078&nonce=32497&refresh_token=9f27ecc1ee857f3f060cd4f145b8babc&x-expires=1717869600&x-signature=Y6rc8yR%2BbiwSyTI%2B9S1AUEH0BGs%3D&shp=a5d48078&shcp=81f88b70', 'commentSetting': 0, 'downloadSetting': 0, 'duetSetting': 0, 'ftc': False, 'id': '7111786018798552070', 'isADVirtual': False, 'isEmbedBanned': False, 'nickname': 'Sam Shan Shops ğŸ¦‹', 'openFavorite': False, 'privateAccount': False, 'relation': 0, 'secUid': 'MS4wLjABAAAAGFqDazB3wBXQPCprmU_vgOEKSjheOTA8RogJgsHvHmD8yraFIzYZVgcnh7GBeQS2', 'secret': False, 'signature': 'Amazon ğŸ‡¨ğŸ‡¦ğŸ‡ºğŸ‡¸ğŸ‡¬ğŸ‡§ Finds\nğŸ’Œ samshanshops@rewiredtalent.com\nğŸ‘‡ğŸ½SHOP FINDSğŸ‘‡ğŸ½', 'stitchSetting': 0, 'uniqueId': 'sam.shan.shops', 'verified': False}",1715697505,Grocery restock with the handiest personal shopping cart ğŸğŸ›’ #asmrrestock #groceryshopping #groceryshopwithme #asmrgroceryshopping #shoppingasmr #groceryhaul #groceryrestock #groceryasmr #amazonfinds #amazonmusthaves #amazonlifehacks #lifehacks #groceryshoppingtips ,,"{'collectCount': 144200, 'commentCount': 6842, 'diggCount': 960200, 'playCount': 22000000, 'shareCount': 206800}","{'collectCount': '144238', 'commentCount': '6842', 'diggCount': '960200', 'playCount': '22000000', 'repostCount': '0', 'shareCount': '206800'}",144200.0,6842.0,960200.0,22000000.0,206800.0,sam.shan.shops,Sam Shan Shops ğŸ¦‹,7111786018798552070
7364063268450700550,"{'avatarLarger': 'https://p16-sign-va.tiktokcdn.com/tos-maliva-avt-0068/5a8bae33b06523b66547e64d11a27155~c5_1080x1080.jpeg?lk3s=a5d48078&nonce=95839&refresh_token=699f2b0614ba5f07f54af4db720bffe8&x-expires=1717869600&x-signature=%2Blt6AEItdvnLc%2FvPZWwlbXpLHEI%3D&shp=a5d48078&shcp=81f88b70', 'avatarMedium': 'https://p16-sign-va.tiktokcdn.com/tos-maliva-avt-0068/5a8bae33b06523b66547e64d11a27155~c5_720x720.jpeg?lk3s=a5d48078&nonce=94268&refresh_token=881e44a0e6f955bc885f942b3e3e43ee&x-expires=1717869600&x-signature=xExbDIhYlqiMAz1jeNwF7%2BES8uc%3D&shp=a5d48078&shcp=81f88b70', 'avatarThumb': 'https://p16-sign-va.tiktokcdn.com/tos-maliva-avt-0068/5a8bae33b06523b66547e64d11a27155~c5_100x100.jpeg?lk3s=a5d48078&nonce=32497&refresh_token=9f27ecc1ee857f3f060cd4f145b8babc&x-expires=1717869600&x-signature=Y6rc8yR%2BbiwSyTI%2B9S1AUEH0BGs%3D&shp=a5d48078&shcp=81f88b70', 'commentSetting': 0, 'downloadSetting': 0, 'duetSetting': 0, 'ftc': False, 'id': '7111786018798552070', 'isADVirtual': False, 'isEmbedBanned': False, 'nickname': 'Sam Shan Shops ğŸ¦‹', 'openFavorite': False, 'privateAccount': False, 'relation': 0, 'secUid': 'MS4wLjABAAAAGFqDazB3wBXQPCprmU_vgOEKSjheOTA8RogJgsHvHmD8yraFIzYZVgcnh7GBeQS2', 'secret': False, 'signature': 'Amazon ğŸ‡¨ğŸ‡¦ğŸ‡ºğŸ‡¸ğŸ‡¬ğŸ‡§ Finds\nğŸ’Œ samshanshops@rewiredtalent.com\nğŸ‘‡ğŸ½SHOP FINDSğŸ‘‡ğŸ½', 'stitchSetting': 0, 'uniqueId': 'sam.shan.shops', 'verified': False}",1714579594,home drink machine set up ğŸ¹ #amazonhomeideas #amazonkitchenmusthaves #amazonkitchengadgets #drinkmachine #cocktailmachine #asmrsetup #asmrrestock #restock #keurigmachine #amazonfinds2024 #mothersdaygiftidea ,,"{'collectCount': 174700, 'commentCount': 6503, 'diggCount': 1100000, 'playCount': 25400000, 'shareCount': 511400}","{'collectCount': '174734', 'commentCount': '6503', 'diggCount': '1100000', 'playCount': '25400000', 'repostCount': '0', 'shareCount': '511400'}",174700.0,6503.0,1100000.0,25400000.0,511400.0,sam.shan.shops,Sam Shan Shops ğŸ¦‹,7111786018798552070
7310344854129642757,"{'avatarLarger': 'https://p16-sign-va.tiktokcdn.com/tos-maliva-avt-0068/5a8bae33b06523b66547e64d11a27155~c5_1080x1080.jpeg?lk3s=a5d48078&nonce=95839&refresh_token=699f2b0614ba5f07f54af4db720bffe8&x-expires=1717869600&x-signature=%2Blt6AEItdvnLc%2FvPZWwlbXpLHEI%3D&shp=a5d48078&shcp=81f88b70', 'avatarMedium': 'https://p16-sign-va.tiktokcdn.com/tos-maliva-avt-0068/5a8bae33b06523b66547e64d11a27155~c5_720x720.jpeg?lk3s=a5d48078&nonce=94268&refresh_token=881e44a0e6f955bc885f942b3e3e43ee&x-expires=1717869600&x-signature=xExbDIhYlqiMAz1jeNwF7%2BES8uc%3D&shp=a5d48078&shcp=81f88b70', 'avatarThumb': 'https://p16-sign-va.tiktokcdn.com/tos-maliva-avt-0068/5a8bae33b06523b66547e64d11a27155~c5_100x100.jpeg?lk3s=a5d48078&nonce=32497&refresh_token=9f27ecc1ee857f3f060cd4f145b8babc&x-expires=1717869600&x-signature=Y6rc8yR%2BbiwSyTI%2B9S1AUEH0BGs%3D&shp=a5d48078&shcp=81f88b70', 'commentSetting': 0, 'downloadSetting': 0, 'duetSetting': 0, 'ftc': False, 'id': '7111786018798552070', 'isADVirtual': False, 'isEmbedBanned': False, 'nickname': 'Sam Shan Shops ğŸ¦‹', 'openFavorite': False, 'privateAccount': False, 'relation': 0, 'secUid': 'MS4wLjABAAAAGFqDazB3wBXQPCprmU_vgOEKSjheOTA8RogJgsHvHmD8yraFIzYZVgcnh7GBeQS2', 'secret': False, 'signature': 'Amazon ğŸ‡¨ğŸ‡¦ğŸ‡ºğŸ‡¸ğŸ‡¬ğŸ‡§ Finds\nğŸ’Œ samshanshops@rewiredtalent.com\nğŸ‘‡ğŸ½SHOP FINDSğŸ‘‡ğŸ½', 'stitchSetting': 0, 'uniqueId': 'sam.shan.shops', 'verified': False}",1702072301,Top 10 best most purchased amazon finds of 2023! âœ¨ #bestof2023 #2024countdown #top2023 #amazontopsellers #amazontopten #amazonbestseller #amazonshopping #amazonwishlist #amazonbestsellers2023 #amazonfinds2023ğŸ”¥ #amazonbestsellers2023 #bestamazonfinds #amazonsbest #amazonmostloved #viralamazonfinds ,,"{'collectCount': 398600, 'commentCount': 4096, 'diggCount': 1000000, 'playCount': 15700000, 'shareCount': 109400}","{'collectCount': '398571', 'commentCount': '4096', 'diggCount': '1000000', 'playCount': '15700000', 'repostCount': '0', 'shareCount': '109400'}",398600.0,4096.0,1000000.0,15700000.0,109400.0,sam.shan.shops,Sam Shan Shops ğŸ¦‹,7111786018798552070
7377159896363437317,"{'avatarLarger': 'https://p16-sign-va.tiktokcdn.com/tos-maliva-avt-0068/5a8bae33b06523b66547e64d11a27155~c5_1080x1080.jpeg?lk3s=a5d48078&nonce=95839&refresh_token=699f2b0614ba5f07f54af4db720bffe8&x-expires=1717869600&x-signature=%2Blt6AEItdvnLc%2FvPZWwlbXpLHEI%3D&shp=a5d48078&shcp=81f88b70', 'avatarMedium': 'https://p16-sign-va.tiktokcdn.com/tos-maliva-avt-0068/5a8bae33b06523b66547e64d11a27155~c5_720x720.jpeg?lk3s=a5d48078&nonce=94268&refresh_token=881e44a0e6f955bc885f942b3e3e43ee&x-expires=1717869600&x-signature=xExbDIhYlqiMAz1jeNwF7%2BES8uc%3D&shp=a5d48078&shcp=81f88b70', 'avatarThumb': 'https://p16-sign-va.tiktokcdn.com/tos-maliva-avt-0068/5a8bae33b06523b66547e64d11a27155~c5_100x100.jpeg?lk3s=a5d48078&nonce=32497&refresh_token=9f27ecc1ee857f3f060cd4f145b8babc&x-expires=1717869600&x-signature=Y6rc8yR%2BbiwSyTI%2B9S1AUEH0BGs%3D&shp=a5d48078&shcp=81f88b70', 'commentSetting': 0, 'downloadSetting': 0, 'duetSetting': 0, 'ftc': False, 'id': '7111786018798552070', 'isADVirtual': False, 'isEmbedBanned': False, 'nickname': 'Sam Shan Shops ğŸ¦‹', 'openFavorite': False, 'privateAccount': False, 'relation': 0, 'secUid': 'MS4wLjABAAAAGFqDazB3wBXQPCprmU_vgOEKSjheOTA8RogJgsHvHmD8yraFIzYZVgcnh7GBeQS2', 'secret': False, 'signature': 'Amazon ğŸ‡¨ğŸ‡¦ğŸ‡ºğŸ‡¸ğŸ‡¬ğŸ‡§ Finds\nğŸ’Œ samshanshops@rewiredtalent.com\nğŸ‘‡ğŸ½SHOP FINDSğŸ‘‡ğŸ½', 'stitchSetting': 0, 'uniqueId': 'sam.shan.shops', 'verified': False}",1717628891,Breakfast Sandwich Grill ğŸ³ #amazonfinds #cookingasmr #restockasmr #amazonmusthaves #amazonfavorties #amazonbestseller #breakfastsandwich #asmrcooking #asmrfood #amazonnewreleases ,,"{'collectCount': 106, 'commentCount': 2, 'diggCount': 1069, 'playCount': 22800, 'shareCount': 45}","{'collectCount': '106', 'commentCount': '2', 'diggCount': '1069', 'playCount': '22800', 'repostCount': '0', 'shareCount': '45'}",106.0,2.0,1069.0,22800.0,45.0,sam.shan.shops,Sam Shan Shops ğŸ¦‹,7111786018798552070
7376818729461599493,"{'avatarLarger': 'https://p16-sign-va.tiktokcdn.com/tos-maliva-avt-0068/5a8bae33b06523b66547e64d11a27155~c5_1080x1080.jpeg?lk3s=a5d48078&nonce=95839&refresh_token=699f2b0614ba5f07f54af4db720bffe8&x-expires=1717869600&x-signature=%2Blt6AEItdvnLc%2FvPZWwlbXpLHEI%3D&shp=a5d48078&shcp=81f88b70', 'avatarMedium': 'https://p16-sign-va.tiktokcdn.com/tos-maliva-avt-0068/5a8bae33b06523b66547e64d11a27155~c5_720x720.jpeg?lk3s=a5d48078&nonce=94268&refresh_token=881e44a0e6f955bc885f942b3e3e43ee&x-expires=1717869600&x-signature=xExbDIhYlqiMAz1jeNwF7%2BES8uc%3D&shp=a5d48078&shcp=81f88b70', 'avatarThumb': 'https://p16-sign-va.tiktokcdn.com/tos-maliva-avt-0068/5a8bae33b06523b66547e64d11a27155~c5_100x100.jpeg?lk3s=a5d48078&nonce=32497&refresh_token=9f27ecc1ee857f3f060cd4f145b8babc&x-expires=1717869600&x-signature=Y6rc8yR%2BbiwSyTI%2B9S1AUEH0BGs%3D&shp=a5d48078&shcp=81f88b70', 'commentSetting': 0, 'downloadSetting': 0, 'duetSetting': 0, 'ftc': False, 'id': '7111786018798552070', 'isADVirtual': False, 'isEmbedBanned': False, 'nickname': 'Sam Shan Shops ğŸ¦‹', 'openFavorite': False, 'privateAccount': False, 'relation': 0, 'secUid': 'MS4wLjABAAAAGFqDazB3wBXQPCprmU_vgOEKSjheOTA8RogJgsHvHmD8yraFIzYZVgcnh7GBeQS2', 'secret': False, 'signature': 'Amazon ğŸ‡¨ğŸ‡¦ğŸ‡ºğŸ‡¸ğŸ‡¬ğŸ‡§ Finds\nğŸ’Œ samshanshops@rewiredtalent.com\nğŸ‘‡ğŸ½SHOP FINDSğŸ‘‡ğŸ½', 'stitchSetting': 0, 'uniqueId': 'sam.shan.shops', 'verified': False}",1717549458,Bathroom Drawer Skin Care & Hair Care Organization Restock ğŸ§–â€â™€ï¸ğŸ§´#restockasmr #bathroomrestock #bathroomdrawerorganization #organizedbathroom #organizedbathroomdrawers #randomrestock #asmrrestock #cleanwithme #organizingasmr #organizewithme #drawerorganization #asmrcleaning ,,"{'collectCount': 688, 'commentCount': 34, 'diggCount': 9064, 'playCount': 110100, 'shareCount': 109}","{'collectCount': '688', 'commentCount': '34', 'diggCount': '9064', 'playCount': '110100', 'repostCount': '0', 'shareCount': '109'}",688.0,34.0,9064.0,110100.0,109.0,sam.shan.shops,Sam Shan Shops ğŸ¦‹,7111786018798552070
7375169760830541061,"{'avatarLarger': 'https://p16-sign-va.tiktokcdn.com/tos-maliva-avt-0068/5a8bae33b06523b66547e64d11a27155~c5_1080x1080.jpeg?lk3s=a5d48078&nonce=95839&refresh_token=699f2b0614ba5f07f54af4db720bffe8&x-expires=1717869600&x-signature=%2Blt6AEItdvnLc%2FvPZWwlbXpLHEI%3D&shp=a5d48078&shcp=81f88b70', 'avatarMedium': 'https://p16-sign-va.tiktokcdn.com/tos-maliva-avt-0068/5a8bae33b06523b66547e64d11a27155~c5_720x720.jpeg?lk3s=a5d48078&nonce=94268&refresh_token=881e44a0e6f955bc885f942b3e3e43ee&x-expires=1717869600&x-signature=xExbDIhYlqiMAz1jeNwF7%2BES8uc%3D&shp=a5d48078&shcp=81f88b70', 'avatarThumb': 'https://p16-sign-va.tiktokcdn.com/tos-maliva-avt-0068/5a8bae33b06523b66547e64d11a27155~c5_100x100.jpeg?lk3s=a5d48078&nonce=32497&refresh_token=9f27ecc1ee857f3f060cd4f145b8babc&x-expires=1717869600&x-signature=Y6rc8yR%2BbiwSyTI%2B9S1AUEH0BGs%3D&shp=a5d48078&shcp=81f88b70', 'commentSetting': 0, 'downloadSetting': 0, 'duetSetting': 0, 'ftc': False, 'id': '7111786018798552070', 'isADVirtual': False, 'isEmbedBanned': False, 'nickname': 'Sam Shan Shops ğŸ¦‹', 'openFavorite': False, 'privateAccount': False, 'relation': 0, 'secUid': 'MS4wLjABAAAAGFqDazB3wBXQPCprmU_vgOEKSjheOTA8RogJgsHvHmD8yraFIzYZVgcnh7GBeQS2', 'secret': False, 'signature': 'Amazon ğŸ‡¨ğŸ‡¦ğŸ‡ºğŸ‡¸ğŸ‡¬ğŸ‡§ Finds\nğŸ’Œ samshanshops@rewiredtalent.com\nğŸ‘‡ğŸ½SHOP FINDSğŸ‘‡ğŸ½', 'stitchSetting': 0, 'uniqueId': 'sam.shan.shops', 'verified': False}",1717165526,Pack my Stanleyâ€™s with me ğŸ’• #stanleytumbler #stanleycup #tumbleraccessories #stanleyaccessories #amazonfinds2024 #packwithmeasmr #amazoncarfinds #roadtripessentials #asmrrestock #asmrpacking #amazonnewreleases ,,"{'collectCount': 42800, 'commentCount': 4318, 'diggCount': 433900, 'playCount': 8000000, 'shareCount': 60500}","{'collectCount': '42845', 'commentCount': '4318', 'diggCount': '433900', 'playCount': '8000000', 'repostCount': '0', 'shareCount': '60500'}",42800.0,4318.0,433900.0,8000000.0,60500.0,sam.shan.shops,Sam Shan Shops ğŸ¦‹,7111786018798552070
7374502608435809541,"{'avatarLarger': 'https://p16-sign-va.tiktokcdn.com/tos-maliva-avt-0068/5a8bae33b06523b66547e64d11a27155~c5_1080x1080.jpeg?lk3s=a5d48078&nonce=95839&refresh_token=699f2b0614ba5f07f54af4db720bffe8&x-expires=1717869600&x-signature=%2Blt6AEItdvnLc%2FvPZWwlbXpLHEI%3D&shp=a5d48078&shcp=81f88b70', 'avatarMedium': 'https://p16-sign-va.tiktokcdn.com/tos-maliva-avt-0068/5a8bae33b06523b66547e64d11a27155~c5_720x720.jpeg?lk3s=a5d48078&nonce=94268&refresh_token=881e44a0e6f955bc885f942b3e3e43ee&x-expires=1717869600&x-signature=xExbDIhYlqiMAz1jeNwF7%2BES8uc%3D&shp=a5d48078&shcp=81f88b70', 'avatarThumb': 'https://p16-sign-va.tiktokcdn.com/tos-maliva-avt-0068/5a8bae33b06523b66547e64d11a27155~c5_100x100.jpeg?lk3s=a5d48078&nonce=32497&refresh_token=9f27ecc1ee857f3f060cd4f145b8babc&x-expires=1717869600&x-signature=Y6rc8yR%2BbiwSyTI%2B9S1AUEH0BGs%3D&shp=a5d48078&shcp=81f88b70', 'commentSetting': 0, 'downloadSetting': 0, 'duetSetting': 0, 'ftc': False, 'id': '7111786018798552070', 'isADVirtual': False, 'isEmbedBanned': False, 'nickname': 'Sam Shan Shops ğŸ¦‹', 'openFavorite': False, 'privateAccount': False, 'relation': 0, 'secUid': 'MS4wLjABAAAAGFqDazB3wBXQPCprmU_vgOEKSjheOTA8RogJgsHvHmD8yraFIzYZVgcnh7GBeQS2', 'secret': False, 'signature': 'Amazon ğŸ‡¨ğŸ‡¦ğŸ‡ºğŸ‡¸ğŸ‡¬ğŸ‡§ Finds\nğŸ’Œ samshanshops@rewiredtalent.com\nğŸ‘‡ğŸ½SHOP FINDSğŸ‘‡ğŸ½', 'stitchSetting': 0, 'uniqueId': 'sam.shan.shops', 'verified': False}",1717010193,Outdoor patio cloud couch â˜ï¸ğŸ›‹ï¸ #amazonsummermusthaves #amazonnewreleases #amazonbestseller #amazonpatiofinds #patiofurniture #patiodecor #amazonoutdoorfurniture #outdoorfurniture #cloudcouch #outdoorspace #amazonsummerfinds ,,"{'collectCount': 5586, 'commentCount': 30, 'diggCount': 25100, 'playCount': 374500, 'shareCount': 3955}","{'collectCount': '5586', 'commentCount': '30', 'diggCount': '25100', 'playCount': '374500', 'repostCount': '0', 'shareCount': '3955'}",5586.0,30.0,25100.0,374500.0,3955.0,sam.shan.shops,Sam Shan Shops ğŸ¦‹,7111786018798552070
7373826457782455558,"{'avatarLarger': 'https://p16-sign-va.tiktokcdn.com/tos-maliva-avt-0068/5a8bae33b06523b66547e64d11a27155~c5_1080x1080.jpeg?lk3s=a5d48078&nonce=95839&refresh_token=699f2b0614ba5f07f54af4db720bffe8&x-expires=1717869600&x-signature=%2Blt6AEItdvnLc%2FvPZWwlbXpLHEI%3D&shp=a5d48078&shcp=81f88b70', 'avatarMedium': 'https://p16-sign-va.tiktokcdn.com/tos-maliva-avt-0068/5a8bae33b06523b66547e64d11a27155~c5_720x720.jpeg?lk3s=a5d48078&nonce=94268&refresh_token=881e44a0e6f955bc885f942b3e3e43ee&x-expires=1717869600&x-signature=xExbDIhYlqiMAz1jeNwF7%2BES8uc%3D&shp=a5d48078&shcp=81f88b70', 'avatarThumb': 'https://p16-sign-va.tiktokcdn.com/tos-maliva-avt-0068/5a8bae33b06523b66547e64d11a27155~c5_100x100.jpeg?lk3s=a5d48078&nonce=32497&refresh_token=9f27ecc1ee857f3f060cd4f145b8babc&x-expires=1717869600&x-signature=Y6rc8yR%2BbiwSyTI%2B9S1AUEH0BGs%3D&shp=a5d48078&shcp=81f88b70', 'commentSetting': 0, 'downloadSetting': 0, 'duetSetting': 0, 'ftc': False, 'id': '7111786018798552070', 'isADVirtual': False, 'isEmbedBanned': False, 'nickname': 'Sam Shan Shops ğŸ¦‹', 'openFavorite': False, 'privateAccount': False, 'relation': 0, 'secUid': 'MS4wLjABAAAAGFqDazB3wBXQPCprmU_vgOEKSjheOTA8RogJgsHvHmD8yraFIzYZVgcnh7GBeQS2', 'secret': False, 'signature': 'Amazon ğŸ‡¨ğŸ‡¦ğŸ‡ºğŸ‡¸ğŸ‡¬ğŸ‡§ Finds\nğŸ’Œ samshanshops@rewiredtalent.com\nğŸ‘‡ğŸ½SHOP FINDSğŸ‘‡ğŸ½', 'stitchSetting': 0, 'uniqueId': 'sam.shan.shops', 'verified': False}",1716852765,Snack Drawer Restock ğŸª #snackdrawer #restock #restockasmr #asmrvideo #kitchenasmr #kitchenorganization #pantryorganization #pantryrestock #drawerrestock #amazonkitchenfinds #amazonorganization #organizedpantry #organizingandrestocking ,,"{'collectCount': 3032, 'commentCount': 126, 'diggCount': 37800, 'playCount': 535500, 'shareCount': 984}","{'collectCount': '3032', 'commentCount': '126', 'diggCount': '37800', 'playCount': '535500', 'repostCount': '0', 'shareCount': '984'}",3032.0,126.0,37800.0,535500.0,984.0,sam.shan.shops,Sam Shan Shops ğŸ¦‹,7111786018798552070
7372603559273188614,"{'avatarLarger': 'https://p16-sign-va.tiktokcdn.com/tos-maliva-avt-0068/5a8bae33b06523b66547e64d11a27155~c5_1080x1080.jpeg?lk3s=a5d48078&nonce=95839&refresh_token=699f2b0614ba5f07f54af4db720bffe8&x-expires=1717869600&x-signature=%2Blt6AEItdvnLc%2FvPZWwlbXpLHEI%3D&shp=a5d48078&shcp=81f88b70', 'avatarMedium': 'https://p16-sign-va.tiktokcdn.com/tos-maliva-avt-0068/5a8bae33b06523b66547e64d11a27155~c5_720x720.jpeg?lk3s=a5d48078&nonce=94268&refresh_token=881e44a0e6f955bc885f942b3e3e43ee&x-expires=1717869600&x-signature=xExbDIhYlqiMAz1jeNwF7%2BES8uc%3D&shp=a5d48078&shcp=81f88b70', 'avatarThumb': 'https://p16-sign-va.tiktokcdn.com/tos-maliva-avt-0068/5a8bae33b06523b66547e64d11a27155~c5_100x100.jpeg?lk3s=a5d48078&nonce=32497&refresh_token=9f27ecc1ee857f3f060cd4f145b8babc&x-expires=1717869600&x-signature=Y6rc8yR%2BbiwSyTI%2B9S1AUEH0BGs%3D&shp=a5d48078&shcp=81f88b70', 'commentSetting': 0, 'downloadSetting': 0, 'duetSetting': 0, 'ftc': False, 'id': '7111786018798552070', 'isADVirtual': False, 'isEmbedBanned': False, 'nickname': 'Sam Shan Shops ğŸ¦‹', 'openFavorite': False, 'privateAccount': False, 'relation': 0, 'secUid': 'MS4wLjABAAAAGFqDazB3wBXQPCprmU_vgOEKSjheOTA8RogJgsHvHmD8yraFIzYZVgcnh7GBeQS2', 'secret': False, 'signature': 'Amazon ğŸ‡¨ğŸ‡¦ğŸ‡ºğŸ‡¸ğŸ‡¬ğŸ‡§ Finds\nğŸ’Œ samshanshops@rewiredtalent.com\nğŸ‘‡ğŸ½SHOP FINDSğŸ‘‡ğŸ½', 'stitchSetting': 0, 'uniqueId': 'sam.shan.shops', 'verified': False}",1716568036,10 Fatherâ€™s Day Gift Ideas ğŸâœ¨#fathersday #fathersdaygiftideas #fathersdayspecial #uniquegiftideas #giftforhim #giftfordad #fathersday2024 #amazongiftideas #amazongiftguide #amazonfinds2024 #amazonbestsellers #amazonnewreleases ,,"{'collectCount': 7635, 'commentCount': 56, 'diggCount': 24600, 'playCount': 386700, 'shareCount': 2834}","{'collectCount': '7635', 'commentCount': '56', 'diggCount': '24600', 'playCount': '386700', 'repostCount': '0', 'shareCount': '2834'}",7635.0,56.0,24600.0,386700.0,2834.0,sam.shan.shops,Sam Shan Shops ğŸ¦‹,7111786018798552070
7371852190798875910,"{'avatarLarger': 'https://p16-sign-va.tiktokcdn.com/tos-maliva-avt-0068/5a8bae33b06523b66547e64d11a27155~c5_1080x1080.jpeg?lk3s=a5d48078&nonce=95839&refresh_token=699f2b0614ba5f07f54af4db720bffe8&x-expires=1717869600&x-signature=%2Blt6AEItdvnLc%2FvPZWwlbXpLHEI%3D&shp=a5d48078&shcp=81f88b70', 'avatarMedium': 'https://p16-sign-va.tiktokcdn.com/tos-maliva-avt-0068/5a8bae33b06523b66547e64d11a27155~c5_720x720.jpeg?lk3s=a5d48078&nonce=94268&refresh_token=881e44a0e6f955bc885f942b3e3e43ee&x-expires=1717869600&x-signature=xExbDIhYlqiMAz1jeNwF7%2BES8uc%3D&shp=a5d48078&shcp=81f88b70', 'avatarThumb': 'https://p16-sign-va.tiktokcdn.com/tos-maliva-avt-0068/5a8bae33b06523b66547e64d11a27155~c5_100x100.jpeg?lk3s=a5d48078&nonce=32497&refresh_token=9f27ecc1ee857f3f060cd4f145b8babc&x-expires=1717869600&x-signature=Y6rc8yR%2BbiwSyTI%2B9S1AUEH0BGs%3D&shp=a5d48078&shcp=81f88b70', 'commentSetting': 0, 'downloadSetting': 0, 'duetSetting': 0, 'ftc': False, 'id': '7111786018798552070', 'isADVirtual': False, 'isEmbedBanned': False, 'nickname': 'Sam Shan Shops ğŸ¦‹', 'openFavorite': False, 'privateAccount': False, 'relation': 0, 'secUid': 'MS4wLjABAAAAGFqDazB3wBXQPCprmU_vgOEKSjheOTA8RogJgsHvHmD8yraFIzYZVgcnh7GBeQS2', 'secret': False, 'signature': 'Amazon ğŸ‡¨ğŸ‡¦ğŸ‡ºğŸ‡¸ğŸ‡¬ğŸ‡§ Finds\nğŸ’Œ samshanshops@rewiredtalent.com\nğŸ‘‡ğŸ½SHOP FINDSğŸ‘‡ğŸ½', 'stitchSetting': 0, 'uniqueId': 'sam.shan.shops', 'verified': False}",1716393095,Parfait Cup Restock ğŸ“ğŸ¦ #amazonrestock #restockasmr #parfaitcups #mealprep #restockwithme #restockwithme #amazonfinds #amazonkitchenfinds #amazonkitchenfavorites #amazonasmr #amazonfinds2024 #mealprepideas ,,"{'collectCount': 3422, 'commentCount': 67, 'diggCount': 18000, 'playCount': 590900, 'shareCount': 1334}","{'collectCount': '3422', 'commentCount': '67', 'diggCount': '18000', 'playCount': '590900', 'repostCount': '0', 'shareCount': '1334'}",3422.0,67.0,18000.0,590900.0,1334.0,sam.shan.shops,Sam Shan Shops ğŸ¦‹,7111786018798552070
7369982231969860870,"{'avatarLarger': 'https://p16-sign-va.tiktokcdn.com/tos-maliva-avt-0068/5a8bae33b06523b66547e64d11a27155~c5_1080x1080.jpeg?lk3s=a5d48078&nonce=95839&refresh_token=699f2b0614ba5f07f54af4db720bffe8&x-expires=1717869600&x-signature=%2Blt6AEItdvnLc%2FvPZWwlbXpLHEI%3D&shp=a5d48078&shcp=81f88b70', 'avatarMedium': 'https://p16-sign-va.tiktokcdn.com/tos-maliva-avt-0068/5a8bae33b06523b66547e64d11a27155~c5_720x720.jpeg?lk3s=a5d48078&nonce=94268&refresh_token=881e44a0e6f955bc885f942b3e3e43ee&x-expires=1717869600&x-signature=xExbDIhYlqiMAz1jeNwF7%2BES8uc%3D&shp=a5d48078&shcp=81f88b70', 'avatarThumb': 'https://p16-sign-va.tiktokcdn.com/tos-maliva-avt-0068/5a8bae33b06523b66547e64d11a27155~c5_100x100.jpeg?lk3s=a5d48078&nonce=32497&refresh_token=9f27ecc1ee857f3f060cd4f145b8babc&x-expires=1717869600&x-signature=Y6rc8yR%2BbiwSyTI%2B9S1AUEH0BGs%3D&shp=a5d48078&shcp=81f88b70', 'commentSetting': 0, 'downloadSetting': 0, 'duetSetting': 0, 'ftc': False, 'id': '7111786018798552070', 'isADVirtual': False, 'isEmbedBanned': False, 'nickname': 'Sam Shan Shops ğŸ¦‹', 'openFavorite': False, 'privateAccount': False, 'relation': 0, 'secUid': 'MS4wLjABAAAAGFqDazB3wBXQPCprmU_vgOEKSjheOTA8RogJgsHvHmD8yraFIzYZVgcnh7GBeQS2', 'secret': False, 'signature': 'Amazon ğŸ‡¨ğŸ‡¦ğŸ‡ºğŸ‡¸ğŸ‡¬ğŸ‡§ Finds\nğŸ’Œ samshanshops@rewiredtalent.com\nğŸ‘‡ğŸ½SHOP FINDSğŸ‘‡ğŸ½', 'stitchSetting': 0, 'uniqueId': 'sam.shan.shops', 'verified': False}",1715957710,Make McDonaldâ€™s at home with me ğŸ¥ğŸ³ #breakfastsandwich #mcgriddleathome #cookingasmr #asmrfood #asmrfoodsounds #amazonkitchenfinds #amazonkitchengadgets #amazonhomeideas #amazonfinds2024 #asmrrestock #kitchenasmr #kitchengadgets ,,"{'collectCount': 7206, 'commentCount': 121, 'diggCount': 79200, 'playCount': 2100000, 'shareCount': 2545}","{'collectCount': '7206', 'commentCount': '121', 'diggCount': '79200', 'playCount': '2100000', 'repostCount': '0', 'shareCount': '2545'}",7206.0,121.0,79200.0,2100000.0,2545.0,sam.shan.shops,Sam Shan Shops ğŸ¦‹,7111786018798552070
7369395292153662726,"{'avatarLarger': 'https://p16-sign-va.tiktokcdn.com/tos-maliva-avt-0068/5a8bae33b06523b66547e64d11a27155~c5_1080x1080.jpeg?lk3s=a5d48078&nonce=95839&refresh_token=699f2b0614ba5f07f54af4db720bffe8&x-expires=1717869600&x-signature=%2Blt6AEItdvnLc%2FvPZWwlbXpLHEI%3D&shp=a5d48078&shcp=81f88b70', 'avatarMedium': 'https://p16-sign-va.tiktokcdn.com/tos-maliva-avt-0068/5a8bae33b06523b66547e64d11a27155~c5_720x720.jpeg?lk3s=a5d48078&nonce=94268&refresh_token=881e44a0e6f955bc885f942b3e3e43ee&x-expires=1717869600&x-signature=xExbDIhYlqiMAz1jeNwF7%2BES8uc%3D&shp=a5d48078&shcp=81f88b70', 'avatarThumb': 'https://p16-sign-va.tiktokcdn.com/tos-maliva-avt-0068/5a8bae33b06523b66547e64d11a27155~c5_100x100.jpeg?lk3s=a5d48078&nonce=32497&refresh_token=9f27ecc1ee857f3f060cd4f145b8babc&x-expires=1717869600&x-signature=Y6rc8yR%2BbiwSyTI%2B9S1AUEH0BGs%3D&shp=a5d48078&shcp=81f88b70', 'commentSetting': 0, 'downloadSetting': 0, 'duetSetting': 0, 'ftc': False, 'id': '7111786018798552070', 'isADVirtual': False, 'isEmbedBanned': False, 'nickname': 'Sam Shan Shops ğŸ¦‹', 'openFavorite': False, 'privateAccount': False, 'relation': 0, 'secUid': 'MS4wLjABAAAAGFqDazB3wBXQPCprmU_vgOEKSjheOTA8RogJgsHvHmD8yraFIzYZVgcnh7GBeQS2', 'secret': False, 'signature': 'Amazon ğŸ‡¨ğŸ‡¦ğŸ‡ºğŸ‡¸ğŸ‡¬ğŸ‡§ Finds\nğŸ’Œ samshanshops@rewiredtalent.com\nğŸ‘‡ğŸ½SHOP FINDSğŸ‘‡ğŸ½', 'stitchSetting': 0, 'uniqueId': 'sam.shan.shops', 'verified': False}",1715821053,Love my Eufy X8 Pro! #eufyx8pro #robotvacuum #amazonhomefinds #amazoncleaningproduct #amazonbestseller #affordableamazonfinds #amazonfinds #amazonhomehack ,,"{'collectCount': 1359, 'commentCount': 21, 'diggCount': 8902, 'playCount': 240800, 'shareCount': 297}","{'collectCount': '1359', 'commentCount': '21', 'diggCount': '8902', 'playCount': '240800', 'repostCount': '0', 'shareCount': '297'}",1359.0,21.0,8902.0,240800.0,297.0,sam.shan.shops,Sam Shan Shops ğŸ¦‹,7111786018798552070
7367837330234690822,"{'avatarLarger': 'https://p16-sign-va.tiktokcdn.com/tos-maliva-avt-0068/5a8bae33b06523b66547e64d11a27155~c5_1080x1080.jpeg?lk3s=a5d48078&nonce=95839&refresh_token=699f2b0614ba5f07f54af4db720bffe8&x-expires=1717869600&x-signature=%2Blt6AEItdvnLc%2FvPZWwlbXpLHEI%3D&shp=a5d48078&shcp=81f88b70', 'avatarMedium': 'https://p16-sign-va.tiktokcdn.com/tos-maliva-avt-0068/5a8bae33b06523b66547e64d11a27155~c5_720x720.jpeg?lk3s=a5d48078&nonce=94268&refresh_token=881e44a0e6f955bc885f942b3e3e43ee&x-expires=1717869600&x-signature=xExbDIhYlqiMAz1jeNwF7%2BES8uc%3D&shp=a5d48078&shcp=81f88b70', 'avatarThumb': 'https://p16-sign-va.tiktokcdn.com/tos-maliva-avt-0068/5a8bae33b06523b66547e64d11a27155~c5_100x100.jpeg?lk3s=a5d48078&nonce=32497&refresh_token=9f27ecc1ee857f3f060cd4f145b8babc&x-expires=1717869600&x-signature=Y6rc8yR%2BbiwSyTI%2B9S1AUEH0BGs%3D&shp=a5d48078&shcp=81f88b70', 'commentSetting': 0, 'downloadSetting': 0, 'duetSetting': 0, 'ftc': False, 'id': '7111786018798552070', 'isADVirtual': False, 'isEmbedBanned': False, 'nickname': 'Sam Shan Shops ğŸ¦‹', 'openFavorite': False, 'privateAccount': False, 'relation': 0, 'secUid': 'MS4wLjABAAAAGFqDazB3wBXQPCprmU_vgOEKSjheOTA8RogJgsHvHmD8yraFIzYZVgcnh7GBeQS2', 'secret': False, 'signature': 'Amazon ğŸ‡¨ğŸ‡¦ğŸ‡ºğŸ‡¸ğŸ‡¬ğŸ‡§ Finds\nğŸ’Œ samshanshops@rewiredtalent.com\nğŸ‘‡ğŸ½SHOP FINDSğŸ‘‡ğŸ½', 'stitchSetting': 0, 'uniqueId': 'sam.shan.shops', 'verified': False}",1715458312,Adult Lunchable Restock ğŸ“ğŸ±#asmrrestock #adultlunchables #adultlunchable #snackrestock #restockasmr #amazonfinds #amazonkitchenfinds #kitchenideas #lunchables #amazonfinds2024 #amazonhomefinds #amazonbestsellers #amazonnewreleases ,,"{'collectCount': 24100, 'commentCount': 265, 'diggCount': 238600, 'playCount': 2900000, 'shareCount': 8699}","{'collectCount': '24081', 'commentCount': '265', 'diggCount': '238600', 'playCount': '2900000', 'repostCount': '0', 'shareCount': '8699'}",24100.0,265.0,238600.0,2900000.0,8699.0,sam.shan.shops,Sam Shan Shops ğŸ¦‹,7111786018798552070
7367087580426407173,"{'avatarLarger': 'https://p16-sign-va.tiktokcdn.com/tos-maliva-avt-0068/5a8bae33b06523b66547e64d11a27155~c5_1080x1080.jpeg?lk3s=a5d48078&nonce=95839&refresh_token=699f2b0614ba5f07f54af4db720bffe8&x-expires=1717869600&x-signature=%2Blt6AEItdvnLc%2FvPZWwlbXpLHEI%3D&shp=a5d48078&shcp=81f88b70', 'avatarMedium': 'https://p16-sign-va.tiktokcdn.com/tos-maliva-avt-0068/5a8bae33b06523b66547e64d11a27155~c5_720x720.jpeg?lk3s=a5d48078&nonce=94268&refresh_token=881e44a0e6f955bc885f942b3e3e43ee&x-expires=1717869600&x-signature=xExbDIhYlqiMAz1jeNwF7%2BES8uc%3D&shp=a5d48078&shcp=81f88b70', 'avatarThumb': 'https://p16-sign-va.tiktokcdn.com/tos-maliva-avt-0068/5a8bae33b06523b66547e64d11a27155~c5_100x100.jpeg?lk3s=a5d48078&nonce=32497&refresh_token=9f27ecc1ee857f3f060cd4f145b8babc&x-expires=1717869600&x-signature=Y6rc8yR%2BbiwSyTI%2B9S1AUEH0BGs%3D&shp=a5d48078&shcp=81f88b70', 'commentSetting': 0, 'downloadSetting': 0, 'duetSetting': 0, 'ftc': False, 'id': '7111786018798552070', 'isADVirtual': False, 'isEmbedBanned': False, 'nickname': 'Sam Shan Shops ğŸ¦‹', 'openFavorite': False, 'privateAccount': False, 'relation': 0, 'secUid': 'MS4wLjABAAAAGFqDazB3wBXQPCprmU_vgOEKSjheOTA8RogJgsHvHmD8yraFIzYZVgcnh7GBeQS2', 'secret': False, 'signature': 'Amazon ğŸ‡¨ğŸ‡¦ğŸ‡ºğŸ‡¸ğŸ‡¬ğŸ‡§ Finds\nğŸ’Œ samshanshops@rewiredtalent.com\nğŸ‘‡ğŸ½SHOP FINDSğŸ‘‡ğŸ½', 'stitchSetting': 0, 'uniqueId': 'sam.shan.shops', 'verified': False}",1715283748,Random Home Restocks ğŸ•Šï¸ #amazonfinds #asmrrestock #homeasmr #restockasmr #homerestock #kitchenrestock #amazonhomefinds #amazonhomeideas #organizedhome #organizationasmr #amazonkitchenfavorites #organizewithme #restockwithme ,,"{'collectCount': 12300, 'commentCount': 218, 'diggCount': 67200, 'playCount': 3400000, 'shareCount': 3279}","{'collectCount': '12283', 'commentCount': '218', 'diggCount': '67200', 'playCount': '3400000', 'repostCount': '0', 'shareCount': '3279'}",12300.0,218.0,67200.0,3400000.0,3279.0,sam.shan.shops,Sam Shan Shops ğŸ¦‹,7111786018798552070
7366669769904246022,"{'avatarLarger': 'https://p16-sign-va.tiktokcdn.com/tos-maliva-avt-0068/5a8bae33b06523b66547e64d11a27155~c5_1080x1080.jpeg?lk3s=a5d48078&nonce=95839&refresh_token=699f2b0614ba5f07f54af4db720bffe8&x-expires=1717869600&x-signature=%2Blt6AEItdvnLc%2FvPZWwlbXpLHEI%3D&shp=a5d48078&shcp=81f88b70', 'avatarMedium': 'https://p16-sign-va.tiktokcdn.com/tos-maliva-avt-0068/5a8bae33b06523b66547e64d11a27155~c5_720x720.jpeg?lk3s=a5d48078&nonce=94268&refresh_token=881e44a0e6f955bc885f942b3e3e43ee&x-expires=1717869600&x-signature=xExbDIhYlqiMAz1jeNwF7%2BES8uc%3D&shp=a5d48078&shcp=81f88b70', 'avatarThumb': 'https://p16-sign-va.tiktokcdn.com/tos-maliva-avt-0068/5a8bae33b06523b66547e64d11a27155~c5_100x100.jpeg?lk3s=a5d48078&nonce=32497&refresh_token=9f27ecc1ee857f3f060cd4f145b8babc&x-expires=1717869600&x-signature=Y6rc8yR%2BbiwSyTI%2B9S1AUEH0BGs%3D&shp=a5d48078&shcp=81f88b70', 'commentSetting': 0, 'downloadSetting': 0, 'duetSetting': 0, 'ftc': False, 'id': '7111786018798552070', 'isADVirtual': False, 'isEmbedBanned': False, 'nickname': 'Sam Shan Shops ğŸ¦‹', 'openFavorite': False, 'privateAccount': False, 'relation': 0, 'secUid': 'MS4wLjABAAAAGFqDazB3wBXQPCprmU_vgOEKSjheOTA8RogJgsHvHmD8yraFIzYZVgcnh7GBeQS2', 'secret': False, 'signature': 'Amazon ğŸ‡¨ğŸ‡¦ğŸ‡ºğŸ‡¸ğŸ‡¬ğŸ‡§ Finds\nğŸ’Œ samshanshops@rewiredtalent.com\nğŸ‘‡ğŸ½SHOP FINDSğŸ‘‡ğŸ½', 'stitchSetting': 0, 'uniqueId': 'sam.shan.shops', 'verified': False}",1715186468,Fridge snack drawer restock (my kids fav time of the month) ğŸ§€ğŸ¥šğŸŠ #fridgeorganization #fridgerestock #asmrrestock #asmrrestocking #snackdrawer #snackdrawerrestock #organizedfridge #fridgecleaning #groceryhaul #restockasmr #groceryrestock #kitchenorganization #organizedkitchen ,,"{'collectCount': 4258, 'commentCount': 110, 'diggCount': 62200, 'playCount': 790900, 'shareCount': 1162}","{'collectCount': '4258', 'commentCount': '110', 'diggCount': '62200', 'playCount': '790900', 'repostCount': '0', 'shareCount': '1162'}",4258.0,110.0,62200.0,790900.0,1162.0,sam.shan.shops,Sam Shan Shops ğŸ¦‹,7111786018798552070
7366278803896700165,"{'avatarLarger': 'https://p16-sign-va.tiktokcdn.com/tos-maliva-avt-0068/5a8bae33b06523b66547e64d11a27155~c5_1080x1080.jpeg?lk3s=a5d48078&nonce=95839&refresh_token=699f2b0614ba5f07f54af4db720bffe8&x-expires=1717869600&x-signature=%2Blt6AEItdvnLc%2FvPZWwlbXpLHEI%3D&shp=a5d48078&shcp=81f88b70', 'avatarMedium': 'https://p16-sign-va.tiktokcdn.com/tos-maliva-avt-0068/5a8bae33b06523b66547e64d11a27155~c5_720x720.jpeg?lk3s=a5d48078&nonce=94268&refresh_token=881e44a0e6f955bc885f942b3e3e43ee&x-expires=1717869600&x-signature=xExbDIhYlqiMAz1jeNwF7%2BES8uc%3D&shp=a5d48078&shcp=81f88b70', 'avatarThumb': 'https://p16-sign-va.tiktokcdn.com/tos-maliva-avt-0068/5a8bae33b06523b66547e64d11a27155~c5_100x100.jpeg?lk3s=a5d48078&nonce=32497&refresh_token=9f27ecc1ee857f3f060cd4f145b8babc&x-expires=1717869600&x-signature=Y6rc8yR%2BbiwSyTI%2B9S1AUEH0BGs%3D&shp=a5d48078&shcp=81f88b70', 'commentSetting': 0, 'downloadSetting': 0, 'duetSetting': 0, 'ftc': False, 'id': '7111786018798552070', 'isADVirtual': False, 'isEmbedBanned': False, 'nickname': 'Sam Shan Shops ğŸ¦‹', 'openFavorite': False, 'privateAccount': False, 'relation': 0, 'secUid': 'MS4wLjABAAAAGFqDazB3wBXQPCprmU_vgOEKSjheOTA8RogJgsHvHmD8yraFIzYZVgcnh7GBeQS2', 'secret': False, 'signature': 'Amazon ğŸ‡¨ğŸ‡¦ğŸ‡ºğŸ‡¸ğŸ‡¬ğŸ‡§ Finds\nğŸ’Œ samshanshops@rewiredtalent.com\nğŸ‘‡ğŸ½SHOP FINDSğŸ‘‡ğŸ½', 'stitchSetting': 0, 'uniqueId': 'sam.shan.shops', 'verified': False}",1715095438,Best home find for your pet ğŸ•ğŸ¾ #amazonhomefinds #amazonhomeideas #homesecurity #amazonpetproducts #amazondogfinds #amazondogmusthaves #amazonpetmusthaves #dogmusthaves #petproducts #homesecuritycamera ,,"{'collectCount': 3247, 'commentCount': 52, 'diggCount': 17200, 'playCount': 415200, 'shareCount': 6122}","{'collectCount': '3247', 'commentCount': '52', 'diggCount': '17200', 'playCount': '415200', 'repostCount': '0', 'shareCount': '6122'}",3247.0,52.0,17200.0,415200.0,6122.0,sam.shan.shops,Sam Shan Shops ğŸ¦‹,7111786018798552070
7366257229026086149,"{'avatarLarger': 'https://p16-sign-va.tiktokcdn.com/tos-maliva-avt-0068/5a8bae33b06523b66547e64d11a27155~c5_1080x1080.jpeg?lk3s=a5d48078&nonce=95839&refresh_token=699f2b0614ba5f07f54af4db720bffe8&x-expires=1717869600&x-signature=%2Blt6AEItdvnLc%2FvPZWwlbXpLHEI%3D&shp=a5d48078&shcp=81f88b70', 'avatarMedium': 'https://p16-sign-va.tiktokcdn.com/tos-maliva-avt-0068/5a8bae33b06523b66547e64d11a27155~c5_720x720.jpeg?lk3s=a5d48078&nonce=94268&refresh_token=881e44a0e6f955bc885f942b3e3e43ee&x-expires=1717869600&x-signature=xExbDIhYlqiMAz1jeNwF7%2BES8uc%3D&shp=a5d48078&shcp=81f88b70', 'avatarThumb': 'https://p16-sign-va.tiktokcdn.com/tos-maliva-avt-0068/5a8bae33b06523b66547e64d11a27155~c5_100x100.jpeg?lk3s=a5d48078&nonce=32497&refresh_token=9f27ecc1ee857f3f060cd4f145b8babc&x-expires=1717869600&x-signature=Y6rc8yR%2BbiwSyTI%2B9S1AUEH0BGs%3D&shp=a5d48078&shcp=81f88b70', 'commentSetting': 0, 'downloadSetting': 0, 'duetSetting': 0, 'ftc': False, 'id': '7111786018798552070', 'isADVirtual': False, 'isEmbedBanned': False, 'nickname': 'Sam Shan Shops ğŸ¦‹', 'openFavorite': False, 'privateAccount': False, 'relation': 0, 'secUid': 'MS4wLjABAAAAGFqDazB3wBXQPCprmU_vgOEKSjheOTA8RogJgsHvHmD8yraFIzYZVgcnh7GBeQS2', 'secret': False, 'signature': 'Amazon ğŸ‡¨ğŸ‡¦ğŸ‡ºğŸ‡¸ğŸ‡¬ğŸ‡§ Finds\nğŸ’Œ samshanshops@rewiredtalent.com\nğŸ‘‡ğŸ½SHOP FINDSğŸ‘‡ğŸ½', 'stitchSetting': 0, 'uniqueId': 'sam.shan.shops', 'verified': False}",1715090414,Amazon Pet Day Deals 2024 #amazonpetfinds #amazonpetday2024 #amazonpetproducts #amazondogfinds #amazondogmusthaves #amazonpetdaydeals #amazondeals  #petday #amazonpetmusthaves ,,"{'collectCount': 3246, 'commentCount': 40, 'diggCount': 18500, 'playCount': 563500, 'shareCount': 4118}","{'collectCount': '3246', 'commentCount': '40', 'diggCount': '18500', 'playCount': '563500', 'repostCount': '0', 'shareCount': '4118'}",3246.0,40.0,18500.0,563500.0,4118.0,sam.shan.shops,Sam Shan Shops ğŸ¦‹,7111786018798552070
7366018710248672517,"{'avatarLarger': 'https://p16-sign-va.tiktokcdn.com/tos-maliva-avt-0068/5a8bae33b06523b66547e64d11a27155~c5_1080x1080.jpeg?lk3s=a5d48078&nonce=95839&refresh_token=699f2b0614ba5f07f54af4db720bffe8&x-expires=1717869600&x-signature=%2Blt6AEItdvnLc%2FvPZWwlbXpLHEI%3D&shp=a5d48078&shcp=81f88b70', 'avatarMedium': 'https://p16-sign-va.tiktokcdn.com/tos-maliva-avt-0068/5a8bae33b06523b66547e64d11a27155~c5_720x720.jpeg?lk3s=a5d48078&nonce=94268&refresh_token=881e44a0e6f955bc885f942b3e3e43ee&x-expires=1717869600&x-signature=xExbDIhYlqiMAz1jeNwF7%2BES8uc%3D&shp=a5d48078&shcp=81f88b70', 'avatarThumb': 'https://p16-sign-va.tiktokcdn.com/tos-maliva-avt-0068/5a8bae33b06523b66547e64d11a27155~c5_100x100.jpeg?lk3s=a5d48078&nonce=32497&refresh_token=9f27ecc1ee857f3f060cd4f145b8babc&x-expires=1717869600&x-signature=Y6rc8yR%2BbiwSyTI%2B9S1AUEH0BGs%3D&shp=a5d48078&shcp=81f88b70', 'commentSetting': 0, 'downloadSetting': 0, 'duetSetting': 0, 'ftc': False, 'id': '7111786018798552070', 'isADVirtual': False, 'isEmbedBanned': False, 'nickname': 'Sam Shan Shops ğŸ¦‹', 'openFavorite': False, 'privateAccount': False, 'relation': 0, 'secUid': 'MS4wLjABAAAAGFqDazB3wBXQPCprmU_vgOEKSjheOTA8RogJgsHvHmD8yraFIzYZVgcnh7GBeQS2', 'secret': False, 'signature': 'Amazon ğŸ‡¨ğŸ‡¦ğŸ‡ºğŸ‡¸ğŸ‡¬ğŸ‡§ Finds\nğŸ’Œ samshanshops@rewiredtalent.com\nğŸ‘‡ğŸ½SHOP FINDSğŸ‘‡ğŸ½', 'stitchSetting': 0, 'uniqueId': 'sam.shan.shops', 'verified': False}",1715034883,It makes tap water taste like bottled ğŸ’§ âœ¨ #amazonhomefinds #amazonfinds #amazonmusthaves #amazonsummerfinds #fridgeorganization #fridgeorganizationrestock #amazonhomeideas #amazonkitchenfinds @Waterdrop Filters #waterdroppartner  Automatic water dispenser  Summer find Fridge organization,True,"{'collectCount': 4554, 'commentCount': 44, 'diggCount': 20200, 'playCount': 737100, 'shareCount': 2389}","{'collectCount': '4554', 'commentCount': '44', 'diggCount': '20200', 'playCount': '737100', 'repostCount': '0', 'shareCount': '2389'}",4554.0,44.0,20200.0,737100.0,2389.0,sam.shan.shops,Sam Shan Shops ğŸ¦‹,7111786018798552070
7364885235240094982,"{'avatarLarger': 'https://p16-sign-va.tiktokcdn.com/tos-maliva-avt-0068/5a8bae33b06523b66547e64d11a27155~c5_1080x1080.jpeg?lk3s=a5d48078&nonce=95839&refresh_token=699f2b0614ba5f07f54af4db720bffe8&x-expires=1717869600&x-signature=%2Blt6AEItdvnLc%2FvPZWwlbXpLHEI%3D&shp=a5d48078&shcp=81f88b70', 'avatarMedium': 'https://p16-sign-va.tiktokcdn.com/tos-maliva-avt-0068/5a8bae33b06523b66547e64d11a27155~c5_720x720.jpeg?lk3s=a5d48078&nonce=94268&refresh_token=881e44a0e6f955bc885f942b3e3e43ee&x-expires=1717869600&x-signature=xExbDIhYlqiMAz1jeNwF7%2BES8uc%3D&shp=a5d48078&shcp=81f88b70', 'avatarThumb': 'https://p16-sign-va.tiktokcdn.com/tos-maliva-avt-0068/5a8bae33b06523b66547e64d11a27155~c5_100x100.jpeg?lk3s=a5d48078&nonce=32497&refresh_token=9f27ecc1ee857f3f060cd4f145b8babc&x-expires=1717869600&x-signature=Y6rc8yR%2BbiwSyTI%2B9S1AUEH0BGs%3D&shp=a5d48078&shcp=81f88b70', 'commentSetting': 0, 'downloadSetting': 0, 'duetSetting': 0, 'ftc': False, 'id': '7111786018798552070', 'isADVirtual': False, 'isEmbedBanned': False, 'nickname': 'Sam Shan Shops ğŸ¦‹', 'openFavorite': False, 'privateAccount': False, 'relation': 0, 'secUid': 'MS4wLjABAAAAGFqDazB3wBXQPCprmU_vgOEKSjheOTA8RogJgsHvHmD8yraFIzYZVgcnh7GBeQS2', 'secret': False, 'signature': 'Amazon ğŸ‡¨ğŸ‡¦ğŸ‡ºğŸ‡¸ğŸ‡¬ğŸ‡§ Finds\nğŸ’Œ samshanshops@rewiredtalent.com\nğŸ‘‡ğŸ½SHOP FINDSğŸ‘‡ğŸ½', 'stitchSetting': 0, 'uniqueId': 'sam.shan.shops', 'verified': False}",1714770974,"Stanlet cup restock, dessert edition ğŸª ğŸ¥¤ #stanleycuprestock #stanleytumblercup #tumbleraccessories #amazontumbler #amazonfinds2024 #amazonbestseller #restockasmr #crumblcookiesoftheweek #crumblasmr #crumblecookiereview #amazonfavorites #asmrrestock ",,"{'collectCount': 2212, 'commentCount': 112, 'diggCount': 24200, 'playCount': 875500, 'shareCount': 1398}","{'collectCount': '2212', 'commentCount': '112', 'diggCount': '24200', 'playCount': '875500', 'repostCount': '0', 'shareCount': '1398'}",2212.0,112.0,24200.0,875500.0,1398.0,sam.shan.shops,Sam Shan Shops ğŸ¦‹,7111786018798552070
7363696707999124742,"{'avatarLarger': 'https://p16-sign-va.tiktokcdn.com/tos-maliva-avt-0068/5a8bae33b06523b66547e64d11a27155~c5_1080x1080.jpeg?lk3s=a5d48078&nonce=95839&refresh_token=699f2b0614ba5f07f54af4db720bffe8&x-expires=1717869600&x-signature=%2Blt6AEItdvnLc%2FvPZWwlbXpLHEI%3D&shp=a5d48078&shcp=81f88b70', 'avatarMedium': 'https://p16-sign-va.tiktokcdn.com/tos-maliva-avt-0068/5a8bae33b06523b66547e64d11a27155~c5_720x720.jpeg?lk3s=a5d48078&nonce=94268&refresh_token=881e44a0e6f955bc885f942b3e3e43ee&x-expires=1717869600&x-signature=xExbDIhYlqiMAz1jeNwF7%2BES8uc%3D&shp=a5d48078&shcp=81f88b70', 'avatarThumb': 'https://p16-sign-va.tiktokcdn.com/tos-maliva-avt-0068/5a8bae33b06523b66547e64d11a27155~c5_100x100.jpeg?lk3s=a5d48078&nonce=32497&refresh_token=9f27ecc1ee857f3f060cd4f145b8babc&x-expires=1717869600&x-signature=Y6rc8yR%2BbiwSyTI%2B9S1AUEH0BGs%3D&shp=a5d48078&shcp=81f88b70', 'commentSetting': 0, 'downloadSetting': 0, 'duetSetting': 0, 'ftc': False, 'id': '7111786018798552070', 'isADVirtual': False, 'isEmbedBanned': False, 'nickname': 'Sam Shan Shops ğŸ¦‹', 'openFavorite': False, 'privateAccount': False, 'relation': 0, 'secUid': 'MS4wLjABAAAAGFqDazB3wBXQPCprmU_vgOEKSjheOTA8RogJgsHvHmD8yraFIzYZVgcnh7GBeQS2', 'secret': False, 'signature': 'Amazon ğŸ‡¨ğŸ‡¦ğŸ‡ºğŸ‡¸ğŸ‡¬ğŸ‡§ Finds\nğŸ’Œ samshanshops@rewiredtalent.com\nğŸ‘‡ğŸ½SHOP FINDSğŸ‘‡ğŸ½', 'stitchSetting': 0, 'uniqueId': 'sam.shan.shops', 'verified': False}",1714494247,The ultimate tumbler cup ğŸ¥¤ #tumblercup #amazonkitchenfinds #amazonfinds #amazontumblercup #amazondinds2024 #amazonsummerfinds #bloompartner #amazonkitchenfavorites @Bloom Nutrition,,"{'collectCount': 1477, 'commentCount': 65, 'diggCount': 9374, 'playCount': 272300, 'shareCount': 580}","{'collectCount': '1477', 'commentCount': '65', 'diggCount': '9374', 'playCount': '272300', 'repostCount': '0', 'shareCount': '580'}",1477.0,65.0,9374.0,272300.0,580.0,sam.shan.shops,Sam Shan Shops ğŸ¦‹,7111786018798552070
7361841781496909061,"{'avatarLarger': 'https://p16-sign-va.tiktokcdn.com/tos-maliva-avt-0068/5a8bae33b06523b66547e64d11a27155~c5_1080x1080.jpeg?lk3s=a5d48078&nonce=95839&refresh_token=699f2b0614ba5f07f54af4db720bffe8&x-expires=1717869600&x-signature=%2Blt6AEItdvnLc%2FvPZWwlbXpLHEI%3D&shp=a5d48078&shcp=81f88b70', 'avatarMedium': 'https://p16-sign-va.tiktokcdn.com/tos-maliva-avt-0068/5a8bae33b06523b66547e64d11a27155~c5_720x720.jpeg?lk3s=a5d48078&nonce=94268&refresh_token=881e44a0e6f955bc885f942b3e3e43ee&x-expires=1717869600&x-signature=xExbDIhYlqiMAz1jeNwF7%2BES8uc%3D&shp=a5d48078&shcp=81f88b70', 'avatarThumb': 'https://p16-sign-va.tiktokcdn.com/tos-maliva-avt-0068/5a8bae33b06523b66547e64d11a27155~c5_100x100.jpeg?lk3s=a5d48078&nonce=32497&refresh_token=9f27ecc1ee857f3f060cd4f145b8babc&x-expires=1717869600&x-signature=Y6rc8yR%2BbiwSyTI%2B9S1AUEH0BGs%3D&shp=a5d48078&shcp=81f88b70', 'commentSetting': 0, 'downloadSetting': 0, 'duetSetting': 0, 'ftc': False, 'id': '7111786018798552070', 'isADVirtual': False, 'isEmbedBanned': False, 'nickname': 'Sam Shan Shops ğŸ¦‹', 'openFavorite': False, 'privateAccount': False, 'relation': 0, 'secUid': 'MS4wLjABAAAAGFqDazB3wBXQPCprmU_vgOEKSjheOTA8RogJgsHvHmD8yraFIzYZVgcnh7GBeQS2', 'secret': False, 'signature': 'Amazon ğŸ‡¨ğŸ‡¦ğŸ‡ºğŸ‡¸ğŸ‡¬ğŸ‡§ Finds\nğŸ’Œ samshanshops@rewiredtalent.com\nğŸ‘‡ğŸ½SHOP FINDSğŸ‘‡ğŸ½', 'stitchSetting': 0, 'uniqueId': 'sam.shan.shops', 'verified': False}",1714062364,"I have purse, 2 stanley purses to be specificğŸ¥¤ğŸ‘› #stanleypurse #stanleyrestock #tumblerrestock #tumblercup #stanleylunchbox #stanleycup #asmrrestock #packwithme #asmrpacking #amazonfinds #amazonbestsellers #ihavepurse ",,"{'collectCount': 73100, 'commentCount': 3673, 'diggCount': 578600, 'playCount': 9800000, 'shareCount': 103800}","{'collectCount': '73065', 'commentCount': '3673', 'diggCount': '578600', 'playCount': '9800000', 'repostCount': '0', 'shareCount': '103800'}",73100.0,3673.0,578600.0,9800000.0,103800.0,sam.shan.shops,Sam Shan Shops ğŸ¦‹,7111786018798552070
7361153265796451590,"{'avatarLarger': 'https://p16-sign-va.tiktokcdn.com/tos-maliva-avt-0068/5a8bae33b06523b66547e64d11a27155~c5_1080x1080.jpeg?lk3s=a5d48078&nonce=95839&refresh_token=699f2b0614ba5f07f54af4db720bffe8&x-expires=1717869600&x-signature=%2Blt6AEItdvnLc%2FvPZWwlbXpLHEI%3D&shp=a5d48078&shcp=81f88b70', 'avatarMedium': 'https://p16-sign-va.tiktokcdn.com/tos-maliva-avt-0068/5a8bae33b06523b66547e64d11a27155~c5_720x720.jpeg?lk3s=a5d48078&nonce=94268&refresh_token=881e44a0e6f955bc885f942b3e3e43ee&x-expires=1717869600&x-signature=xExbDIhYlqiMAz1jeNwF7%2BES8uc%3D&shp=a5d48078&shcp=81f88b70', 'avatarThumb': 'https://p16-sign-va.tiktokcdn.com/tos-maliva-avt-0068/5a8bae33b06523b66547e64d11a27155~c5_100x100.jpeg?lk3s=a5d48078&nonce=32497&refresh_token=9f27ecc1ee857f3f060cd4f145b8babc&x-expires=1717869600&x-signature=Y6rc8yR%2BbiwSyTI%2B9S1AUEH0BGs%3D&shp=a5d48078&shcp=81f88b70', 'commentSetting': 0, 'downloadSetting': 0, 'duetSetting': 0, 'ftc': False, 'id': '7111786018798552070', 'isADVirtual': False, 'isEmbedBanned': False, 'nickname': 'Sam Shan Shops ğŸ¦‹', 'openFavorite': False, 'privateAccount': False, 'relation': 0, 'secUid': 'MS4wLjABAAAAGFqDazB3wBXQPCprmU_vgOEKSjheOTA8RogJgsHvHmD8yraFIzYZVgcnh7GBeQS2', 'secret': False, 'signature': 'Amazon ğŸ‡¨ğŸ‡¦ğŸ‡ºğŸ‡¸ğŸ‡¬ğŸ‡§ Finds\nğŸ’Œ samshanshops@rewiredtalent.com\nğŸ‘‡ğŸ½SHOP FINDSğŸ‘‡ğŸ½', 'stitchSetting': 0, 'uniqueId': 'sam.shan.shops', 'verified': False}",1713902057,The ultimate summer must have to transform your outdoor space or patio ğŸ”¥ #patiodecor #patioheater #amazonsummermusthaves #amazonhomefinds #amazonfinds2024 #amazonoutdoorfinds #amazonsummerfinds #amazonbestseller #patiofurniture #summernights ,,"{'collectCount': 11000, 'commentCount': 104, 'diggCount': 46800, 'playCount': 830000, 'shareCount': 8623}","{'collectCount': '10958', 'commentCount': '104', 'diggCount': '46800', 'playCount': '830000', 'repostCount': '0', 'shareCount': '8623'}",11000.0,104.0,46800.0,830000.0,8623.0,sam.shan.shops,Sam Shan Shops ğŸ¦‹,7111786018798552070
7360833729805257990,"{'avatarLarger': 'https://p16-sign-va.tiktokcdn.com/tos-maliva-avt-0068/5a8bae33b06523b66547e64d11a27155~c5_1080x1080.jpeg?lk3s=a5d48078&nonce=95839&refresh_token=699f2b0614ba5f07f54af4db720bffe8&x-expires=1717869600&x-signature=%2Blt6AEItdvnLc%2FvPZWwlbXpLHEI%3D&shp=a5d48078&shcp=81f88b70', 'avatarMedium': 'https://p16-sign-va.tiktokcdn.com/tos-maliva-avt-0068/5a8bae33b06523b66547e64d11a27155~c5_720x720.jpeg?lk3s=a5d48078&nonce=94268&refresh_token=881e44a0e6f955bc885f942b3e3e43ee&x-expires=1717869600&x-signature=xExbDIhYlqiMAz1jeNwF7%2BES8uc%3D&shp=a5d48078&shcp=81f88b70', 'avatarThumb': 'https://p16-sign-va.tiktokcdn.com/tos-maliva-avt-0068/5a8bae33b06523b66547e64d11a27155~c5_100x100.jpeg?lk3s=a5d48078&nonce=32497&refresh_token=9f27ecc1ee857f3f060cd4f145b8babc&x-expires=1717869600&x-signature=Y6rc8yR%2BbiwSyTI%2B9S1AUEH0BGs%3D&shp=a5d48078&shcp=81f88b70', 'commentSetting': 0, 'downloadSetting': 0, 'duetSetting': 0, 'ftc': False, 'id': '7111786018798552070', 'isADVirtual': False, 'isEmbedBanned': False, 'nickname': 'Sam Shan Shops ğŸ¦‹', 'openFavorite': False, 'privateAccount': False, 'relation': 0, 'secUid': 'MS4wLjABAAAAGFqDazB3wBXQPCprmU_vgOEKSjheOTA8RogJgsHvHmD8yraFIzYZVgcnh7GBeQS2', 'secret': False, 'signature': 'Amazon ğŸ‡¨ğŸ‡¦ğŸ‡ºğŸ‡¸ğŸ‡¬ğŸ‡§ Finds\nğŸ’Œ samshanshops@rewiredtalent.com\nğŸ‘‡ğŸ½SHOP FINDSğŸ‘‡ğŸ½', 'stitchSetting': 0, 'uniqueId': 'sam.shan.shops', 'verified': False}",1713827659,finally restocked my guest bathroom drawers ğŸ•Šï¸ #bathroomrestock #bathroomcleaning #guestbathrestock #asmrrestock #restocking #restockasmr #amazonbathroomfinds #amazonbathroommusthaves #organizedbathroom ,,"{'collectCount': 63200, 'commentCount': 3158, 'diggCount': 844900, 'playCount': 9000000, 'shareCount': 14300}","{'collectCount': '63153', 'commentCount': '3158', 'diggCount': '844900', 'playCount': '9000000', 'repostCount': '0', 'shareCount': '14300'}",63200.0,3158.0,844900.0,9000000.0,14300.0,sam.shan.shops,Sam Shan Shops ğŸ¦‹,7111786018798552070
7359679419805437189,"{'avatarLarger': 'https://p16-sign-va.tiktokcdn.com/tos-maliva-avt-0068/5a8bae33b06523b66547e64d11a27155~c5_1080x1080.jpeg?lk3s=a5d48078&nonce=95839&refresh_token=699f2b0614ba5f07f54af4db720bffe8&x-expires=1717869600&x-signature=%2Blt6AEItdvnLc%2FvPZWwlbXpLHEI%3D&shp=a5d48078&shcp=81f88b70', 'avatarMedium': 'https://p16-sign-va.tiktokcdn.com/tos-maliva-avt-0068/5a8bae33b06523b66547e64d11a27155~c5_720x720.jpeg?lk3s=a5d48078&nonce=94268&refresh_token=881e44a0e6f955bc885f942b3e3e43ee&x-expires=1717869600&x-signature=xExbDIhYlqiMAz1jeNwF7%2BES8uc%3D&shp=a5d48078&shcp=81f88b70', 'avatarThumb': 'https://p16-sign-va.tiktokcdn.com/tos-maliva-avt-0068/5a8bae33b06523b66547e64d11a27155~c5_100x100.jpeg?lk3s=a5d48078&nonce=32497&refresh_token=9f27ecc1ee857f3f060cd4f145b8babc&x-expires=1717869600&x-signature=Y6rc8yR%2BbiwSyTI%2B9S1AUEH0BGs%3D&shp=a5d48078&shcp=81f88b70', 'commentSetting': 0, 'downloadSetting': 0, 'duetSetting': 0, 'ftc': False, 'id': '7111786018798552070', 'isADVirtual': False, 'isEmbedBanned': False, 'nickname': 'Sam Shan Shops ğŸ¦‹', 'openFavorite': False, 'privateAccount': False, 'relation': 0, 'secUid': 'MS4wLjABAAAAGFqDazB3wBXQPCprmU_vgOEKSjheOTA8RogJgsHvHmD8yraFIzYZVgcnh7GBeQS2', 'secret': False, 'signature': 'Amazon ğŸ‡¨ğŸ‡¦ğŸ‡ºğŸ‡¸ğŸ‡¬ğŸ‡§ Finds\nğŸ’Œ samshanshops@rewiredtalent.com\nğŸ‘‡ğŸ½SHOP FINDSğŸ‘‡ğŸ½', 'stitchSetting': 0, 'uniqueId': 'sam.shan.shops', 'verified': False}",1713558900,Gift ideas for mom & Motherâ€™s Day shes guaranteed to love ğŸ«¶ğŸ½ğŸ’ #amazonmothersdaygift #mothersdaygift #mothersdaygiftideas #giftformom #mothersday2024 #mothersdaygiftguide #amazongiftideas #amazongiftguide #giftforher #giftideasformom #momsday #momgiftideas #bestamazonfinds #amazonfinds2024,,"{'collectCount': 4636, 'commentCount': 55, 'diggCount': 16000, 'playCount': 224700, 'shareCount': 1624}","{'collectCount': '4636', 'commentCount': '55', 'diggCount': '16000', 'playCount': '224700', 'repostCount': '0', 'shareCount': '1624'}",4636.0,55.0,16000.0,224700.0,1624.0,sam.shan.shops,Sam Shan Shops ğŸ¦‹,7111786018798552070
7359261032004570374,"{'avatarLarger': 'https://p16-sign-va.tiktokcdn.com/tos-maliva-avt-0068/5a8bae33b06523b66547e64d11a27155~c5_1080x1080.jpeg?lk3s=a5d48078&nonce=95839&refresh_token=699f2b0614ba5f07f54af4db720bffe8&x-expires=1717869600&x-signature=%2Blt6AEItdvnLc%2FvPZWwlbXpLHEI%3D&shp=a5d48078&shcp=81f88b70', 'avatarMedium': 'https://p16-sign-va.tiktokcdn.com/tos-maliva-avt-0068/5a8bae33b06523b66547e64d11a27155~c5_720x720.jpeg?lk3s=a5d48078&nonce=94268&refresh_token=881e44a0e6f955bc885f942b3e3e43ee&x-expires=1717869600&x-signature=xExbDIhYlqiMAz1jeNwF7%2BES8uc%3D&shp=a5d48078&shcp=81f88b70', 'avatarThumb': 'https://p16-sign-va.tiktokcdn.com/tos-maliva-avt-0068/5a8bae33b06523b66547e64d11a27155~c5_100x100.jpeg?lk3s=a5d48078&nonce=32497&refresh_token=9f27ecc1ee857f3f060cd4f145b8babc&x-expires=1717869600&x-signature=Y6rc8yR%2BbiwSyTI%2B9S1AUEH0BGs%3D&shp=a5d48078&shcp=81f88b70', 'commentSetting': 0, 'downloadSetting': 0, 'duetSetting': 0, 'ftc': False, 'id': '7111786018798552070', 'isADVirtual': False, 'isEmbedBanned': False, 'nickname': 'Sam Shan Shops ğŸ¦‹', 'openFavorite': False, 'privateAccount': False, 'relation': 0, 'secUid': 'MS4wLjABAAAAGFqDazB3wBXQPCprmU_vgOEKSjheOTA8RogJgsHvHmD8yraFIzYZVgcnh7GBeQS2', 'secret': False, 'signature': 'Amazon ğŸ‡¨ğŸ‡¦ğŸ‡ºğŸ‡¸ğŸ‡¬ğŸ‡§ Finds\nğŸ’Œ samshanshops@rewiredtalent.com\nğŸ‘‡ğŸ½SHOP FINDSğŸ‘‡ğŸ½', 'stitchSetting': 0, 'uniqueId': 'sam.shan.shops', 'verified': False}",1713461487,"A vanity, desk, or nightstand for small homes or spaces ğŸªğŸ«¶ğŸ½ #amazonnewreleases #amazonfinds #amazonfinds2024 #amazonfurniture #vanitysetup #amazonbedroomfinds #amazonfindsbedroom #ihavepurse #amazonorganization #bedroominspo #smallhouseorganization  Amazon bedroom find",,"{'collectCount': 47000, 'commentCount': 445, 'diggCount': 146600, 'playCount': 2300000, 'shareCount': 44900}","{'collectCount': '46994', 'commentCount': '445', 'diggCount': '146600', 'playCount': '2300000', 'repostCount': '0', 'shareCount': '44900'}",47000.0,445.0,146600.0,2300000.0,44900.0,sam.shan.shops,Sam Shan Shops ğŸ¦‹,7111786018798552070
7358606861127388422,"{'avatarLarger': 'https://p16-sign-va.tiktokcdn.com/tos-maliva-avt-0068/5a8bae33b06523b66547e64d11a27155~c5_1080x1080.jpeg?lk3s=a5d48078&nonce=95839&refresh_token=699f2b0614ba5f07f54af4db720bffe8&x-expires=1717869600&x-signature=%2Blt6AEItdvnLc%2FvPZWwlbXpLHEI%3D&shp=a5d48078&shcp=81f88b70', 'avatarMedium': 'https://p16-sign-va.tiktokcdn.com/tos-maliva-avt-0068/5a8bae33b06523b66547e64d11a27155~c5_720x720.jpeg?lk3s=a5d48078&nonce=94268&refresh_token=881e44a0e6f955bc885f942b3e3e43ee&x-expires=1717869600&x-signature=xExbDIhYlqiMAz1jeNwF7%2BES8uc%3D&shp=a5d48078&shcp=81f88b70', 'avatarThumb': 'https://p16-sign-va.tiktokcdn.com/tos-maliva-avt-0068/5a8bae33b06523b66547e64d11a27155~c5_100x100.jpeg?lk3s=a5d48078&nonce=32497&refresh_token=9f27ecc1ee857f3f060cd4f145b8babc&x-expires=1717869600&x-signature=Y6rc8yR%2BbiwSyTI%2B9S1AUEH0BGs%3D&shp=a5d48078&shcp=81f88b70', 'commentSetting': 0, 'downloadSetting': 0, 'duetSetting': 0, 'ftc': False, 'id': '7111786018798552070', 'isADVirtual': False, 'isEmbedBanned': False, 'nickname': 'Sam Shan Shops ğŸ¦‹', 'openFavorite': False, 'privateAccount': False, 'relation': 0, 'secUid': 'MS4wLjABAAAAGFqDazB3wBXQPCprmU_vgOEKSjheOTA8RogJgsHvHmD8yraFIzYZVgcnh7GBeQS2', 'secret': False, 'signature': 'Amazon ğŸ‡¨ğŸ‡¦ğŸ‡ºğŸ‡¸ğŸ‡¬ğŸ‡§ Finds\nğŸ’Œ samshanshops@rewiredtalent.com\nğŸ‘‡ğŸ½SHOP FINDSğŸ‘‡ğŸ½', 'stitchSetting': 0, 'uniqueId': 'sam.shan.shops', 'verified': False}",1713309175,Two kitchen products Iâ€™m obssesed with ğŸ˜ #amazonnewreleases #amazonhomefinds2024 #amazonkitchenfinds #amazonkitchenproducts #kitchenproducts #affordableamazonfinds #amazonkitchenfavorites #kitchenfavorites #kitchengadgets ,,"{'collectCount': 9906, 'commentCount': 59, 'diggCount': 35300, 'playCount': 665800, 'shareCount': 2414}","{'collectCount': '9906', 'commentCount': '59', 'diggCount': '35300', 'playCount': '665800', 'repostCount': '0', 'shareCount': '2414'}",9906.0,59.0,35300.0,665800.0,2414.0,sam.shan.shops,Sam Shan Shops ğŸ¦‹,7111786018798552070
7358173510440783109,"{'avatarLarger': 'https://p16-sign-va.tiktokcdn.com/tos-maliva-avt-0068/5a8bae33b06523b66547e64d11a27155~c5_1080x1080.jpeg?lk3s=a5d48078&nonce=95839&refresh_token=699f2b0614ba5f07f54af4db720bffe8&x-expires=1717869600&x-signature=%2Blt6AEItdvnLc%2FvPZWwlbXpLHEI%3D&shp=a5d48078&shcp=81f88b70', 'avatarMedium': 'https://p16-sign-va.tiktokcdn.com/tos-maliva-avt-0068/5a8bae33b06523b66547e64d11a27155~c5_720x720.jpeg?lk3s=a5d48078&nonce=94268&refresh_token=881e44a0e6f955bc885f942b3e3e43ee&x-expires=1717869600&x-signature=xExbDIhYlqiMAz1jeNwF7%2BES8uc%3D&shp=a5d48078&shcp=81f88b70', 'avatarThumb': 'https://p16-sign-va.tiktokcdn.com/tos-maliva-avt-0068/5a8bae33b06523b66547e64d11a27155~c5_100x100.jpeg?lk3s=a5d48078&nonce=32497&refresh_token=9f27ecc1ee857f3f060cd4f145b8babc&x-expires=1717869600&x-signature=Y6rc8yR%2BbiwSyTI%2B9S1AUEH0BGs%3D&shp=a5d48078&shcp=81f88b70', 'commentSetting': 0, 'downloadSetting': 0, 'duetSetting': 0, 'ftc': False, 'id': '7111786018798552070', 'isADVirtual': False, 'isEmbedBanned': False, 'nickname': 'Sam Shan Shops ğŸ¦‹', 'openFavorite': False, 'privateAccount': False, 'relation': 0, 'secUid': 'MS4wLjABAAAAGFqDazB3wBXQPCprmU_vgOEKSjheOTA8RogJgsHvHmD8yraFIzYZVgcnh7GBeQS2', 'secret': False, 'signature': 'Amazon ğŸ‡¨ğŸ‡¦ğŸ‡ºğŸ‡¸ğŸ‡¬ğŸ‡§ Finds\nğŸ’Œ samshanshops@rewiredtalent.com\nğŸ‘‡ğŸ½SHOP FINDSğŸ‘‡ğŸ½', 'stitchSetting': 0, 'uniqueId': 'sam.shan.shops', 'verified': False}",1713208278,The PERFECT outdoor chair ğŸŒ ğŸª‘ #amazonnewreleases #amazonsummermusthaves #amazonsummerfinds #amazonhomeideas #amazonhomefinds2024 #patiofurniture #amazonoutdoorfinds #mothersdaygiftideas #giftformom #giftfordad ,,"{'collectCount': 7503, 'commentCount': 76, 'diggCount': 35200, 'playCount': 632100, 'shareCount': 6152}","{'collectCount': '7503', 'commentCount': '76', 'diggCount': '35200', 'playCount': '632100', 'repostCount': '0', 'shareCount': '6152'}",7503.0,76.0,35200.0,632100.0,6152.0,sam.shan.shops,Sam Shan Shops ğŸ¦‹,7111786018798552070
7357392198188403974,"{'avatarLarger': 'https://p16-sign-va.tiktokcdn.com/tos-maliva-avt-0068/5a8bae33b06523b66547e64d11a27155~c5_1080x1080.jpeg?lk3s=a5d48078&nonce=95839&refresh_token=699f2b0614ba5f07f54af4db720bffe8&x-expires=1717869600&x-signature=%2Blt6AEItdvnLc%2FvPZWwlbXpLHEI%3D&shp=a5d48078&shcp=81f88b70', 'avatarMedium': 'https://p16-sign-va.tiktokcdn.com/tos-maliva-avt-0068/5a8bae33b06523b66547e64d11a27155~c5_720x720.jpeg?lk3s=a5d48078&nonce=94268&refresh_token=881e44a0e6f955bc885f942b3e3e43ee&x-expires=1717869600&x-signature=xExbDIhYlqiMAz1jeNwF7%2BES8uc%3D&shp=a5d48078&shcp=81f88b70', 'avatarThumb': 'https://p16-sign-va.tiktokcdn.com/tos-maliva-avt-0068/5a8bae33b06523b66547e64d11a27155~c5_100x100.jpeg?lk3s=a5d48078&nonce=32497&refresh_token=9f27ecc1ee857f3f060cd4f145b8babc&x-expires=1717869600&x-signature=Y6rc8yR%2BbiwSyTI%2B9S1AUEH0BGs%3D&shp=a5d48078&shcp=81f88b70', 'commentSetting': 0, 'downloadSetting': 0, 'duetSetting': 0, 'ftc': False, 'id': '7111786018798552070', 'isADVirtual': False, 'isEmbedBanned': False, 'nickname': 'Sam Shan Shops ğŸ¦‹', 'openFavorite': False, 'privateAccount': False, 'relation': 0, 'secUid': 'MS4wLjABAAAAGFqDazB3wBXQPCprmU_vgOEKSjheOTA8RogJgsHvHmD8yraFIzYZVgcnh7GBeQS2', 'secret': False, 'signature': 'Amazon ğŸ‡¨ğŸ‡¦ğŸ‡ºğŸ‡¸ğŸ‡¬ğŸ‡§ Finds\nğŸ’Œ samshanshops@rewiredtalent.com\nğŸ‘‡ğŸ½SHOP FINDSğŸ‘‡ğŸ½', 'stitchSetting': 0, 'uniqueId': 'sam.shan.shops', 'verified': False}",1713026363,POV: grocery shopping just became your favorite new chore ğŸ›’ ğŸ#amazonbestseller #amazonnewreleases #amazonlifehacks #amazonfinds2024 #amazonmusthaves2024 #organizationhacks #organizationideas #groceryshoppingtips #groceryshopwithme #amazonproductsyouneedordont #groceryrestock ,,"{'collectCount': 13800, 'commentCount': 169, 'diggCount': 61200, 'playCount': 1300000, 'shareCount': 9519}","{'collectCount': '13844', 'commentCount': '169', 'diggCount': '61200', 'playCount': '1300000', 'repostCount': '0', 'shareCount': '9519'}",13800.0,169.0,61200.0,1300000.0,9519.0,sam.shan.shops,Sam Shan Shops ğŸ¦‹,7111786018798552070
7357021273471339782,"{'avatarLarger': 'https://p16-sign-va.tiktokcdn.com/tos-maliva-avt-0068/5a8bae33b06523b66547e64d11a27155~c5_1080x1080.jpeg?lk3s=a5d48078&nonce=95839&refresh_token=699f2b0614ba5f07f54af4db720bffe8&x-expires=1717869600&x-signature=%2Blt6AEItdvnLc%2FvPZWwlbXpLHEI%3D&shp=a5d48078&shcp=81f88b70', 'avatarMedium': 'https://p16-sign-va.tiktokcdn.com/tos-maliva-avt-0068/5a8bae33b06523b66547e64d11a27155~c5_720x720.jpeg?lk3s=a5d48078&nonce=94268&refresh_token=881e44a0e6f955bc885f942b3e3e43ee&x-expires=1717869600&x-signature=xExbDIhYlqiMAz1jeNwF7%2BES8uc%3D&shp=a5d48078&shcp=81f88b70', 'avatarThumb': 'https://p16-sign-va.tiktokcdn.com/tos-maliva-avt-0068/5a8bae33b06523b66547e64d11a27155~c5_100x100.jpeg?lk3s=a5d48078&nonce=32497&refresh_token=9f27ecc1ee857f3f060cd4f145b8babc&x-expires=1717869600&x-signature=Y6rc8yR%2BbiwSyTI%2B9S1AUEH0BGs%3D&shp=a5d48078&shcp=81f88b70', 'commentSetting': 0, 'downloadSetting': 0, 'duetSetting': 0, 'ftc': False, 'id': '7111786018798552070', 'isADVirtual': False, 'isEmbedBanned': False, 'nickname': 'Sam Shan Shops ğŸ¦‹', 'openFavorite': False, 'privateAccount': False, 'relation': 0, 'secUid': 'MS4wLjABAAAAGFqDazB3wBXQPCprmU_vgOEKSjheOTA8RogJgsHvHmD8yraFIzYZVgcnh7GBeQS2', 'secret': False, 'signature': 'Amazon ğŸ‡¨ğŸ‡¦ğŸ‡ºğŸ‡¸ğŸ‡¬ğŸ‡§ Finds\nğŸ’Œ samshanshops@rewiredtalent.com\nğŸ‘‡ğŸ½SHOP FINDSğŸ‘‡ğŸ½', 'stitchSetting': 0, 'uniqueId': 'sam.shan.shops', 'verified': False}",1712940001,POV: your momâ€™s life just got a whole lot easier- Plus it 200 off right now! ğŸ’ğŸ«§ #mothersdaygiftideas #mothersday2024 #amazonbestseller #amazonvacuum #robotvacuum #momgiftideas #springcleaning #springcleaningtips #amazonhomehacks #cleaningandorganizing #giftformom #amazonhomeideas #mopvacuum  Spring Cleaning  Mothersâ€™s Day Gift ,,"{'collectCount': 7578, 'commentCount': 180, 'diggCount': 38800, 'playCount': 1100000, 'shareCount': 6188}","{'collectCount': '7578', 'commentCount': '180', 'diggCount': '38800', 'playCount': '1100000', 'repostCount': '0', 'shareCount': '6188'}",7578.0,180.0,38800.0,1100000.0,6188.0,sam.shan.shops,Sam Shan Shops ğŸ¦‹,7111786018798552070
7355977855655759110,"{'avatarLarger': 'https://p16-sign-va.tiktokcdn.com/tos-maliva-avt-0068/5a8bae33b06523b66547e64d11a27155~c5_1080x1080.jpeg?lk3s=a5d48078&nonce=95839&refresh_token=699f2b0614ba5f07f54af4db720bffe8&x-expires=1717869600&x-signature=%2Blt6AEItdvnLc%2FvPZWwlbXpLHEI%3D&shp=a5d48078&shcp=81f88b70', 'avatarMedium': 'https://p16-sign-va.tiktokcdn.com/tos-maliva-avt-0068/5a8bae33b06523b66547e64d11a27155~c5_720x720.jpeg?lk3s=a5d48078&nonce=94268&refresh_token=881e44a0e6f955bc885f942b3e3e43ee&x-expires=1717869600&x-signature=xExbDIhYlqiMAz1jeNwF7%2BES8uc%3D&shp=a5d48078&shcp=81f88b70', 'avatarThumb': 'https://p16-sign-va.tiktokcdn.com/tos-maliva-avt-0068/5a8bae33b06523b66547e64d11a27155~c5_100x100.jpeg?lk3s=a5d48078&nonce=32497&refresh_token=9f27ecc1ee857f3f060cd4f145b8babc&x-expires=1717869600&x-signature=Y6rc8yR%2BbiwSyTI%2B9S1AUEH0BGs%3D&shp=a5d48078&shcp=81f88b70', 'commentSetting': 0, 'downloadSetting': 0, 'duetSetting': 0, 'ftc': False, 'id': '7111786018798552070', 'isADVirtual': False, 'isEmbedBanned': False, 'nickname': 'Sam Shan Shops ğŸ¦‹', 'openFavorite': False, 'privateAccount': False, 'relation': 0, 'secUid': 'MS4wLjABAAAAGFqDazB3wBXQPCprmU_vgOEKSjheOTA8RogJgsHvHmD8yraFIzYZVgcnh7GBeQS2', 'secret': False, 'signature': 'Amazon ğŸ‡¨ğŸ‡¦ğŸ‡ºğŸ‡¸ğŸ‡¬ğŸ‡§ Finds\nğŸ’Œ samshanshops@rewiredtalent.com\nğŸ‘‡ğŸ½SHOP FINDSğŸ‘‡ğŸ½', 'stitchSetting': 0, 'uniqueId': 'sam.shan.shops', 'verified': False}",1712697061,Restock my stanley for lunch time ğŸ£ğŸ¥¤ #stanleycup #stanleycuprestock #asmrrestock #restockasmr #amazonbestseller #amazonfinds2024 #amazonfavorites2024 #stanleycupaccessories #lunchideas ,,"{'collectCount': 15000, 'commentCount': 1399, 'diggCount': 266900, 'playCount': 7000000, 'shareCount': 35600}","{'collectCount': '15031', 'commentCount': '1399', 'diggCount': '266900', 'playCount': '7000000', 'repostCount': '0', 'shareCount': '35600'}",15000.0,1399.0,266900.0,7000000.0,35600.0,sam.shan.shops,Sam Shan Shops ğŸ¦‹,7111786018798552070
7355617505076923654,"{'avatarLarger': 'https://p16-sign-va.tiktokcdn.com/tos-maliva-avt-0068/5a8bae33b06523b66547e64d11a27155~c5_1080x1080.jpeg?lk3s=a5d48078&nonce=95839&refresh_token=699f2b0614ba5f07f54af4db720bffe8&x-expires=1717869600&x-signature=%2Blt6AEItdvnLc%2FvPZWwlbXpLHEI%3D&shp=a5d48078&shcp=81f88b70', 'avatarMedium': 'https://p16-sign-va.tiktokcdn.com/tos-maliva-avt-0068/5a8bae33b06523b66547e64d11a27155~c5_720x720.jpeg?lk3s=a5d48078&nonce=94268&refresh_token=881e44a0e6f955bc885f942b3e3e43ee&x-expires=1717869600&x-signature=xExbDIhYlqiMAz1jeNwF7%2BES8uc%3D&shp=a5d48078&shcp=81f88b70', 'avatarThumb': 'https://p16-sign-va.tiktokcdn.com/tos-maliva-avt-0068/5a8bae33b06523b66547e64d11a27155~c5_100x100.jpeg?lk3s=a5d48078&nonce=32497&refresh_token=9f27ecc1ee857f3f060cd4f145b8babc&x-expires=1717869600&x-signature=Y6rc8yR%2BbiwSyTI%2B9S1AUEH0BGs%3D&shp=a5d48078&shcp=81f88b70', 'commentSetting': 0, 'downloadSetting': 0, 'duetSetting': 0, 'ftc': False, 'id': '7111786018798552070', 'isADVirtual': False, 'isEmbedBanned': False, 'nickname': 'Sam Shan Shops ğŸ¦‹', 'openFavorite': False, 'privateAccount': False, 'relation': 0, 'secUid': 'MS4wLjABAAAAGFqDazB3wBXQPCprmU_vgOEKSjheOTA8RogJgsHvHmD8yraFIzYZVgcnh7GBeQS2', 'secret': False, 'signature': 'Amazon ğŸ‡¨ğŸ‡¦ğŸ‡ºğŸ‡¸ğŸ‡¬ğŸ‡§ Finds\nğŸ’Œ samshanshops@rewiredtalent.com\nğŸ‘‡ğŸ½SHOP FINDSğŸ‘‡ğŸ½', 'stitchSetting': 0, 'uniqueId': 'sam.shan.shops', 'verified': False}",1712613163,Best selling pet products ğŸ•ğŸ¾ #amazonpetfinds #amazonpetproducts #petproducts #dogproducts #amazondogfinds #amazondogmusthaves #petmusthaves #amazonnewreleases #amazonbestseller #amazonfinds2024 #petfinds ,,"{'collectCount': 7921, 'commentCount': 74, 'diggCount': 39900, 'playCount': 799300, 'shareCount': 6322}","{'collectCount': '7921', 'commentCount': '74', 'diggCount': '39900', 'playCount': '799300', 'repostCount': '0', 'shareCount': '6322'}",7921.0,74.0,39900.0,799300.0,6322.0,sam.shan.shops,Sam Shan Shops ğŸ¦‹,7111786018798552070
7354419857863150854,"{'avatarLarger': 'https://p16-sign-va.tiktokcdn.com/tos-maliva-avt-0068/5a8bae33b06523b66547e64d11a27155~c5_1080x1080.jpeg?lk3s=a5d48078&nonce=95839&refresh_token=699f2b0614ba5f07f54af4db720bffe8&x-expires=1717869600&x-signature=%2Blt6AEItdvnLc%2FvPZWwlbXpLHEI%3D&shp=a5d48078&shcp=81f88b70', 'avatarMedium': 'https://p16-sign-va.tiktokcdn.com/tos-maliva-avt-0068/5a8bae33b06523b66547e64d11a27155~c5_720x720.jpeg?lk3s=a5d48078&nonce=94268&refresh_token=881e44a0e6f955bc885f942b3e3e43ee&x-expires=1717869600&x-signature=xExbDIhYlqiMAz1jeNwF7%2BES8uc%3D&shp=a5d48078&shcp=81f88b70', 'avatarThumb': 'https://p16-sign-va.tiktokcdn.com/tos-maliva-avt-0068/5a8bae33b06523b66547e64d11a27155~c5_100x100.jpeg?lk3s=a5d48078&nonce=32497&refresh_token=9f27ecc1ee857f3f060cd4f145b8babc&x-expires=1717869600&x-signature=Y6rc8yR%2BbiwSyTI%2B9S1AUEH0BGs%3D&shp=a5d48078&shcp=81f88b70', 'commentSetting': 0, 'downloadSetting': 0, 'duetSetting': 0, 'ftc': False, 'id': '7111786018798552070', 'isADVirtual': False, 'isEmbedBanned': False, 'nickname': 'Sam Shan Shops ğŸ¦‹', 'openFavorite': False, 'privateAccount': False, 'relation': 0, 'secUid': 'MS4wLjABAAAAGFqDazB3wBXQPCprmU_vgOEKSjheOTA8RogJgsHvHmD8yraFIzYZVgcnh7GBeQS2', 'secret': False, 'signature': 'Amazon ğŸ‡¨ğŸ‡¦ğŸ‡ºğŸ‡¸ğŸ‡¬ğŸ‡§ Finds\nğŸ’Œ samshanshops@rewiredtalent.com\nğŸ‘‡ğŸ½SHOP FINDSğŸ‘‡ğŸ½', 'stitchSetting': 0, 'uniqueId': 'sam.shan.shops', 'verified': False}",1712334312,Organized kitchen drawers are my love language ğŸ«¶ğŸ½ğŸ´#kitchenorganization #kitchendrawerorganization #kitchenutensils #amazonkitchenfavorites #kitchenproducts #organizationhacks #amazonkitchengadgets #kitchenorganizationideas #amazonmusthaves2024 #kitchendrawer #organizationasmr #asmrorganizing ,,"{'collectCount': 11200, 'commentCount': 151, 'diggCount': 81100, 'playCount': 1600000, 'shareCount': 4020}","{'collectCount': '11159', 'commentCount': '151', 'diggCount': '81100', 'playCount': '1600000', 'repostCount': '0', 'shareCount': '4020'}",11200.0,151.0,81100.0,1600000.0,4020.0,sam.shan.shops,Sam Shan Shops ğŸ¦‹,7111786018798552070
7353688925413641477,"{'avatarLarger': 'https://p16-sign-va.tiktokcdn.com/tos-maliva-avt-0068/5a8bae33b06523b66547e64d11a27155~c5_1080x1080.jpeg?lk3s=a5d48078&nonce=95839&refresh_token=699f2b0614ba5f07f54af4db720bffe8&x-expires=1717869600&x-signature=%2Blt6AEItdvnLc%2FvPZWwlbXpLHEI%3D&shp=a5d48078&shcp=81f88b70', 'avatarMedium': 'https://p16-sign-va.tiktokcdn.com/tos-maliva-avt-0068/5a8bae33b06523b66547e64d11a27155~c5_720x720.jpeg?lk3s=a5d48078&nonce=94268&refresh_token=881e44a0e6f955bc885f942b3e3e43ee&x-expires=1717869600&x-signature=xExbDIhYlqiMAz1jeNwF7%2BES8uc%3D&shp=a5d48078&shcp=81f88b70', 'avatarThumb': 'https://p16-sign-va.tiktokcdn.com/tos-maliva-avt-0068/5a8bae33b06523b66547e64d11a27155~c5_100x100.jpeg?lk3s=a5d48078&nonce=32497&refresh_token=9f27ecc1ee857f3f060cd4f145b8babc&x-expires=1717869600&x-signature=Y6rc8yR%2BbiwSyTI%2B9S1AUEH0BGs%3D&shp=a5d48078&shcp=81f88b70', 'commentSetting': 0, 'downloadSetting': 0, 'duetSetting': 0, 'ftc': False, 'id': '7111786018798552070', 'isADVirtual': False, 'isEmbedBanned': False, 'nickname': 'Sam Shan Shops ğŸ¦‹', 'openFavorite': False, 'privateAccount': False, 'relation': 0, 'secUid': 'MS4wLjABAAAAGFqDazB3wBXQPCprmU_vgOEKSjheOTA8RogJgsHvHmD8yraFIzYZVgcnh7GBeQS2', 'secret': False, 'signature': 'Amazon ğŸ‡¨ğŸ‡¦ğŸ‡ºğŸ‡¸ğŸ‡¬ğŸ‡§ Finds\nğŸ’Œ samshanshops@rewiredtalent.com\nğŸ‘‡ğŸ½SHOP FINDSğŸ‘‡ğŸ½', 'stitchSetting': 0, 'uniqueId': 'sam.shan.shops', 'verified': False}",1712164130,The most genius summer must have ğŸ˜³ğŸ§Š #amazonfinds2024 #amazonsummermusthaves #amazonsummerfinds #summercooler #amazonnewreleases #amazonbestsellers #summerhacks #summer2024 #amazonmusthaves2024 ,,"{'collectCount': 63700, 'commentCount': 690, 'diggCount': 234500, 'playCount': 3400000, 'shareCount': 109700}","{'collectCount': '63677', 'commentCount': '690', 'diggCount': '234500', 'playCount': '3400000', 'repostCount': '0', 'shareCount': '109700'}",63700.0,690.0,234500.0,3400000.0,109700.0,sam.shan.shops,Sam Shan Shops ğŸ¦‹,7111786018798552070
7352183653067394309,"{'avatarLarger': 'https://p16-sign-va.tiktokcdn.com/tos-maliva-avt-0068/5a8bae33b06523b66547e64d11a27155~c5_1080x1080.jpeg?lk3s=a5d48078&nonce=95839&refresh_token=699f2b0614ba5f07f54af4db720bffe8&x-expires=1717869600&x-signature=%2Blt6AEItdvnLc%2FvPZWwlbXpLHEI%3D&shp=a5d48078&shcp=81f88b70', 'avatarMedium': 'https://p16-sign-va.tiktokcdn.com/tos-maliva-avt-0068/5a8bae33b06523b66547e64d11a27155~c5_720x720.jpeg?lk3s=a5d48078&nonce=94268&refresh_token=881e44a0e6f955bc885f942b3e3e43ee&x-expires=1717869600&x-signature=xExbDIhYlqiMAz1jeNwF7%2BES8uc%3D&shp=a5d48078&shcp=81f88b70', 'avatarThumb': 'https://p16-sign-va.tiktokcdn.com/tos-maliva-avt-0068/5a8bae33b06523b66547e64d11a27155~c5_100x100.jpeg?lk3s=a5d48078&nonce=32497&refresh_token=9f27ecc1ee857f3f060cd4f145b8babc&x-expires=1717869600&x-signature=Y6rc8yR%2BbiwSyTI%2B9S1AUEH0BGs%3D&shp=a5d48078&shcp=81f88b70', 'commentSetting': 0, 'downloadSetting': 0, 'duetSetting': 0, 'ftc': False, 'id': '7111786018798552070', 'isADVirtual': False, 'isEmbedBanned': False, 'nickname': 'Sam Shan Shops ğŸ¦‹', 'openFavorite': False, 'privateAccount': False, 'relation': 0, 'secUid': 'MS4wLjABAAAAGFqDazB3wBXQPCprmU_vgOEKSjheOTA8RogJgsHvHmD8yraFIzYZVgcnh7GBeQS2', 'secret': False, 'signature': 'Amazon ğŸ‡¨ğŸ‡¦ğŸ‡ºğŸ‡¸ğŸ‡¬ğŸ‡§ Finds\nğŸ’Œ samshanshops@rewiredtalent.com\nğŸ‘‡ğŸ½SHOP FINDSğŸ‘‡ğŸ½', 'stitchSetting': 0, 'uniqueId': 'sam.shan.shops', 'verified': False}",1711813656,Both work perfect for any 30 / 40 oz stanley or tumbler cup ğŸ¥¤ğŸ§Š #amazonkitchenproducts #kitchenproducts #amazonstanleycup #stanleycupaccessories #stanleycupfind #amazonkitchenfinds #tumblercup #amazonkitchengadgets #amazonnewreleases #amazonbestseller #amazonfinds2024 #amazonmusthave ,,"{'collectCount': 13200, 'commentCount': 112, 'diggCount': 68300, 'playCount': 1900000, 'shareCount': 14300}","{'collectCount': '13156', 'commentCount': '112', 'diggCount': '68300', 'playCount': '1900000', 'repostCount': '0', 'shareCount': '14300'}",13200.0,112.0,68300.0,1900000.0,14300.0,sam.shan.shops,Sam Shan Shops ğŸ¦‹,7111786018798552070
7351780849144040710,"{'avatarLarger': 'https://p16-sign-va.tiktokcdn.com/tos-maliva-avt-0068/5a8bae33b06523b66547e64d11a27155~c5_1080x1080.jpeg?lk3s=a5d48078&nonce=95839&refresh_token=699f2b0614ba5f07f54af4db720bffe8&x-expires=1717869600&x-signature=%2Blt6AEItdvnLc%2FvPZWwlbXpLHEI%3D&shp=a5d48078&shcp=81f88b70', 'avatarMedium': 'https://p16-sign-va.tiktokcdn.com/tos-maliva-avt-0068/5a8bae33b06523b66547e64d11a27155~c5_720x720.jpeg?lk3s=a5d48078&nonce=94268&refresh_token=881e44a0e6f955bc885f942b3e3e43ee&x-expires=1717869600&x-signature=xExbDIhYlqiMAz1jeNwF7%2BES8uc%3D&shp=a5d48078&shcp=81f88b70', 'avatarThumb': 'https://p16-sign-va.tiktokcdn.com/tos-maliva-avt-0068/5a8bae33b06523b66547e64d11a27155~c5_100x100.jpeg?lk3s=a5d48078&nonce=32497&refresh_token=9f27ecc1ee857f3f060cd4f145b8babc&x-expires=1717869600&x-signature=Y6rc8yR%2BbiwSyTI%2B9S1AUEH0BGs%3D&shp=a5d48078&shcp=81f88b70', 'commentSetting': 0, 'downloadSetting': 0, 'duetSetting': 0, 'ftc': False, 'id': '7111786018798552070', 'isADVirtual': False, 'isEmbedBanned': False, 'nickname': 'Sam Shan Shops ğŸ¦‹', 'openFavorite': False, 'privateAccount': False, 'relation': 0, 'secUid': 'MS4wLjABAAAAGFqDazB3wBXQPCprmU_vgOEKSjheOTA8RogJgsHvHmD8yraFIzYZVgcnh7GBeQS2', 'secret': False, 'signature': 'Amazon ğŸ‡¨ğŸ‡¦ğŸ‡ºğŸ‡¸ğŸ‡¬ğŸ‡§ Finds\nğŸ’Œ samshanshops@rewiredtalent.com\nğŸ‘‡ğŸ½SHOP FINDSğŸ‘‡ğŸ½', 'stitchSetting': 0, 'uniqueId': 'sam.shan.shops', 'verified': False}",1711719870,Been putting off organizing under my kitchen sink for much too long ğŸ«§ ğŸ§½ #amazonkitchenproducts #organizationhacks #amazonorganizationfinds #undersinkorganization #homeorganizationideas #asmrorganization #amazonfinds2024 #amazonkitchenorganization #kitchenorganizing #homeorganizationhacks #organizingasmr #organizationasmr  #amazonhomeideas #amazonfinds2024,,"{'collectCount': 8823, 'commentCount': 85, 'diggCount': 32200, 'playCount': 884900, 'shareCount': 3326}","{'collectCount': '8823', 'commentCount': '85', 'diggCount': '32200', 'playCount': '884900', 'repostCount': '0', 'shareCount': '3326'}",8823.0,85.0,32200.0,884900.0,3326.0,sam.shan.shops,Sam Shan Shops ğŸ¦‹,7111786018798552070
